time,lat,lon,depth,mag,magType,nst,gap,dmin,rms,net,id,updated,place,type,horizontalError,depthError,magError,magNst,status,locationSource,magSource
2022-12-07T17:45:56.662Z,40.1998,-98.3002,5,2.7,mb_lg,18,52,1.213,0.9,us,us6000j7nh,2022-12-07T19:44:31.040Z,"10 km SSW of Lawrence, Nebraska",earthquake,1.68,1.989,0.058,77,reviewed,us,us
2022-12-07T16:51:03.669Z,35.2575,-98.02716667,6.75,2.65,ml,96,26,0.055789052,0.28,ok,ok2022xymk,2022-12-07T19:50:52.664Z,"9 km SW of Minco, Oklahoma",earthquake,,0.5,0.23,51,reviewed,ok,ok
2022-12-07T14:13:22.690Z,35.5086667,-118.3915,5.07,3.59,mw,58,21,0.1678,0.16,ci,ci40142983,2022-12-07T20:13:03.372Z,"13km SE of Bodfish, CA",earthquake,0.13,0.9,,4,reviewed,ci,ci
2022-12-07T07:38:27.905Z,38.3737,-115.8032,3.1,3,ml,15,76.65,0.731,0.1289,nn,nn00852809,2022-12-07T16:55:43.725Z,"81 km N of Rachel, Nevada",earthquake,,2.6,0.1,8,reviewed,nn,nn
2022-12-07T02:30:13.097Z,31.71277945,-104.1747099,7.879711914,3.5,ml,41,54,0.049150099,0.2,tx,tx2022xxjz,2022-12-07T02:56:11.219Z,"54 km W of Mentone, Texas",earthquake,0.451179615,0.862166478,0.2,21,reviewed,tx,tx
2022-12-07T00:28:54.200Z,36.0448333,-117.708,1.79,2.74,ml,28,59,0.1303,0.15,ci,ci40142759,2022-12-07T01:43:35.040Z,"22km NE of Little Lake, CA",earthquake,0.18,0.41,0.133,25,reviewed,ci,ci
2022-12-07T00:27:03.030Z,36.0406667,-117.7101667,1.8,2.71,ml,29,58,0.1261,0.14,ci,ci40142751,2022-12-07T01:31:16.040Z,"21km ENE of Little Lake, CA",earthquake,0.19,0.34,0.139,24,reviewed,ci,ci
2022-12-06T21:50:30.559Z,34.949,-97.61983333,7,2.79,ml,101,57,0.037792584,0.3,ok,ok2022xxau,2022-12-06T23:37:53.571Z,Oklahoma,earthquake,,0.5,0.24,32,reviewed,ok,ok
2022-12-06T18:31:29.839Z,35.2555,-98.0275,7.38,2.83,ml,89,33,0,0.32,ok,ok2022xwue,2022-12-07T18:00:53.133Z,"9 km NW of Pocasset, Oklahoma",earthquake,,0.5,0.23,44,reviewed,ok,ok
2022-12-06T16:00:04.550Z,31.73767798,-104.2497523,7.057055664,2.9,ml,35,38,0.018710347,0.3,tx,tx2022xwpf,2022-12-06T16:54:04.040Z,"50 km SSE of Whites City, New Mexico",earthquake,0.602006399,0.72572145,0.1,18,reviewed,tx,tx
2022-12-06T08:43:21.532Z,41.9732,-119.5587,0,3.5,ml,10,120.94,0.558,0.4458,nn,nn00852719,2022-12-06T18:05:33.334Z,"50 km ENE of Fort Bidwell, California",earthquake,,0,0.34,10,reviewed,nn,nn
2022-12-06T03:33:02.000Z,37.8271675,-122.6633301,5.15,2.63,md,54,87,0.1036,0.09,nc,nc73815096,2022-12-07T01:45:39.686Z,"8km WSW of Muir Beach, CA",earthquake,0.21,0.62,0.11,60,automatic,nc,nc
2022-12-06T02:39:23.300Z,35.25916667,-98.02416667,6.25,2.51,ml,97,26,0.058488523,0.23,ok,ok2022xvou,2022-12-06T23:38:21.040Z,Oklahoma,earthquake,,0.4,0.26,49,reviewed,ok,ok
2022-12-06T00:44:01.486Z,31.73638956,-104.1114364,6.941369629,2.6,ml,40,34,0.038588871,0.2,tx,tx2022xvkz,2022-12-06T17:52:20.242Z,"48 km W of Mentone, Texas",earthquake,0.374129237,0.554262611,0.1,23,reviewed,tx,tx
2022-12-06T00:10:37.510Z,35.9356667,-120.0126667,9.46,3.98,mw,66,75,0.08222,0.16,nc,nc73814971,2022-12-07T17:46:19.837Z,"9km SSW of Kettleman City, CA",earthquake,0.26,0.54,,5,reviewed,nc,nc
2022-12-05T23:13:16.710Z,37.3258333,-121.6876667,8.21,3.59,mw,205,26,0.0252,0.12,nc,nc73814941,2022-12-07T16:18:48.374Z,"13km ESE of Alum Rock, CA",earthquake,0.09,0.17,,3,reviewed,nc,nc
2022-12-05T23:10:23.150Z,39.44416667,-92.25266667,1.37,2.59,md,11,118,0.1798,0.23,nm,nm60500173,2022-12-07T03:58:37.563Z,"4 km SW of Madison, Missouri",earthquake,0.54,2.03,0.141610185,5,reviewed,nm,nm
2022-12-05T19:28:22.160Z,31.73477526,-104.1127735,6.504333496,3,ml,21,71,0.038542588,0.2,tx,tx2022xvap,2022-12-05T20:14:32.040Z,"48 km W of Mentone, Texas",earthquake,0.533427502,0.58326835,0.2,12,reviewed,tx,tx
2022-12-05T18:21:31.523Z,31.73201662,-104.1130264,6.632873535,2.6,ml,29,42,0.040033938,0.2,tx,tx2022xuyj,2022-12-06T18:47:22.366Z,"48 km W of Mentone, Texas",earthquake,0.576348655,0.513722767,0.1,14,reviewed,tx,tx
2022-12-05T15:28:50.881Z,45.5361,-111.6669,9.55,2.9,ml,18,127,0.066,0.59,us,us6000j712,2022-12-06T05:34:28.065Z,"20 km SSE of Harrison, Montana",earthquake,2.22,6.233,0.053,46,reviewed,us,us
2022-12-05T11:42:45.480Z,49.44166667,-123.923,64.35,2.79,ml,14,241,0.219,0.5,uw,uw61897296,2022-12-05T20:30:51.656Z,"4 km SSW of Welcome Beach, Canada",earthquake,3.81,2.66,0.178211308,12,reviewed,uw,uw
2022-12-05T06:10:38.477Z,31.61394824,-103.9783716,8.278186035,2.7,ml,25,55,0.008757716,0.1,tx,tx2022xuag,2022-12-06T10:26:27.722Z,"37 km WSW of Mentone, Texas",earthquake,0.422839392,0.461345223,0.2,24,reviewed,tx,tx
2022-12-05T03:20:59.510Z,37.4771667,-118.6121667,8.43,2.63,md,30,55,0.1298,0.06,nc,nc73814636,2022-12-06T00:52:53.040Z,"7km N of Round Valley, CA",earthquake,0.3,1.19,0.187,44,reviewed,nc,nc
2022-12-05T02:26:51.940Z,35.9336667,-120.026,7.93,2.84,md,52,106,0.08854,0.13,nc,nc73814616,2022-12-06T00:42:49.040Z,"10km SW of Kettleman City, CA",earthquake,0.25,0.5,0.109,99,reviewed,nc,nc
2022-12-04T15:32:13.020Z,31.61668416,-104.2719908,7.314135742,2.9,ml,30,70,0.055340512,0.1,tx,tx2022xsxh,2022-12-05T10:01:05.724Z,"56 km NW of Toyah, Texas",earthquake,0.767133377,0.930907709,0.1,21,reviewed,tx,tx
2022-12-04T13:14:56.817Z,42.0062,-119.6011,5,2.5,ml,26,93,0.534,0.57,us,us6000j6uk,2022-12-04T19:43:03.040Z,"48 km ENE of Fort Bidwell, California",earthquake,1.16,1.911,0.045,65,reviewed,us,us
2022-12-04T07:58:23.567Z,31.66602425,-104.2416858,6.388647461,3.5,ml,21,115,0.020563751,0.2,tx,tx2022xsii,2022-12-05T20:38:50.040Z,"57 km NW of Toyah, Texas",earthquake,0.742582794,0.947395827,0.3,16,reviewed,tx,tx
2022-12-04T06:53:48.711Z,41.9805,-119.5624,15.23,2.9,ml,17,120,0.558,0.36,us,us6000j6te,2022-12-04T19:01:46.501Z,"50 km ENE of Fort Bidwell, California",earthquake,2.61,7.404,0.041,80,reviewed,us,us
2022-12-04T00:27:24.240Z,37.8783333,-121.9458333,16.47,2.9,md,109,60,0.04184,0.14,nc,nc73814346,2022-12-07T01:30:34.912Z,"5km NNE of Diablo, CA",earthquake,0.17,0.25,0.13,99,reviewed,nc,nc
2022-12-03T17:43:13.388Z,31.60609038,-103.956147,8.445288086,2.5,ml,17,53,0.011771503,0.1,tx,tx2022xrgc,2022-12-06T11:58:16.069Z,"35 km WSW of Mentone, Texas",earthquake,0.630855985,0.786363886,0.2,19,reviewed,tx,tx
2022-12-03T17:26:46.260Z,31.61431841,-104.5293976,6.157275391,3.3,ml,24,84,0.05960421,0.3,tx,tx2022xrfo,2022-12-04T08:06:21.469Z,western Texas,earthquake,1.354268866,1.285239867,0.2,17,reviewed,tx,tx
2022-12-03T16:29:58.713Z,31.6097471,-103.9626179,7.828295898,3.2,ml,15,54,0.005393014,0.1,tx,tx2022xrdr,2022-12-03T17:02:43.040Z,western Texas,earthquake,0.505568981,0.645020828,0.2,12,reviewed,tx,tx
2022-12-03T12:41:32.795Z,31.59215386,-104.5431518,7.288427734,3,ml,23,87,0.084680505,0.2,tx,tx2022xqwd,2022-12-03T16:53:37.538Z,"66 km SSW of Whites City, New Mexico",earthquake,1.213002589,1.575028004,0.2,15,reviewed,tx,tx
2022-12-03T02:08:14.192Z,44.4663,-115.1982,10,2.6,ml,14,70,0.682,0.74,us,us6000j6hs,2022-12-03T02:28:16.040Z,"34 km NW of Stanley, Idaho",earthquake,1.78,2.012,0.062,34,reviewed,us,us
2022-12-03T01:54:44.590Z,31.6093688,-104.5457539,7.365551758,2.6,ml,20,76,0.070655293,0.2,tx,tx2022xqav,2022-12-06T21:31:15.048Z,"64 km SSW of Whites City, New Mexico",earthquake,1.097897992,1.109316955,0.1,12,reviewed,tx,tx
2022-12-02T23:18:15.997Z,31.62728579,-103.9754721,5.038977051,2.6,ml,14,56,0.017550428,0.1,tx,tx2022xpvq,2022-12-06T21:09:28.051Z,"36 km WSW of Mentone, Texas",earthquake,0.264389837,0.390857988,0.2,10,reviewed,tx,tx
2022-12-02T23:04:14.638Z,31.630724,-103.9781778,4.987561035,2.6,ml,15,51,0.02158121,0.1,tx,tx2022xpve,2022-12-06T12:24:23.223Z,"36 km WSW of Mentone, Texas",earthquake,0.336695129,0.430166485,0.2,19,reviewed,tx,tx
2022-12-02T21:49:43.910Z,36.249,-120.8478333,8.15,2.6,md,65,67,0.05009,0.14,nc,nc73813981,2022-12-06T20:28:10.929Z,"20km NE of San Lucas, CA",earthquake,0.21,0.34,0.202,79,reviewed,nc,nc
2022-12-02T21:15:10.382Z,31.67545477,-104.4312481,5.10324707,3.2,ml,18,58,0.019299178,0.2,tx,tx2022xprp,2022-12-02T22:10:45.040Z,"55 km S of Whites City, New Mexico",earthquake,1.02359195,0.851310642,0.1,12,reviewed,tx,tx
2022-12-02T20:00:11.794Z,31.56717435,-104.0468534,6.645727539,2.9,ml,19,89,0.025516498,0.1,tx,tx2022xppa,2022-12-02T22:23:33.040Z,"36 km NW of Toyah, Texas",earthquake,0.620019774,0.543179939,0.1,14,reviewed,tx,tx
2022-12-02T15:31:44.996Z,31.61385453,-103.9717811,8.188208008,2.5,ml,22,54,0.004034709,0.1,tx,tx2022xpgg,2022-12-02T17:09:12.040Z,"36 km WSW of Mentone, Texas",earthquake,0.533686164,0.58194842,0.2,17,reviewed,tx,tx
2022-12-02T14:28:55.341Z,32.4307251,-102.0742426,9.757446289,3,ml,15,53,0.08580811,0.2,tx,tx2022xpee,2022-12-03T06:10:22.040Z,"35 km SSW of Los Ybanez, Texas",earthquake,0.88475344,1.557748315,0.2,18,reviewed,tx,tx
2022-12-02T13:08:05.840Z,34.4301667,-119.2921667,10.61,2.59,ml,68,25,0.03356,0.22,ci,ci40383632,2022-12-05T07:01:26.040Z,"5km WSW of Ojai, CA",earthquake,0.19,0.35,0.19,25,reviewed,ci,ci
2022-12-02T12:21:48.910Z,37.1563333,-118.338,8.17,3.91,ml,29,109,0.08622,0.06,nc,nc73813816,2022-12-07T16:04:13.609Z,"4km WSW of Big Pine, CA",earthquake,0.51,0.77,0.178,155,reviewed,nc,nc
2022-12-02T10:36:11.990Z,37.4156667,-118.5341667,6.4,2.58,md,25,64,0.1727,0.05,nc,nc73813776,2022-12-02T21:45:16.138Z,"6km E of Round Valley, CA",earthquake,0.26,2.08,0.164,40,reviewed,nc,nc
2022-12-02T10:04:58.000Z,32.5355,-118.1305,5.96,2.88,ml,34,223,0.5653,0.28,ci,ci40383568,2022-12-07T17:22:55.068Z,"38km SSE of San Clemente Is. (SE tip), CA",earthquake,0.82,31.61,0.101,25,reviewed,ci,ci
2022-12-01T21:17:12.060Z,37.4145,-118.5321667,6.06,2.53,md,23,95,0.06605,0.07,nc,nc73813551,2022-12-02T12:40:56.154Z,"6km E of Round Valley, CA",earthquake,0.37,1.25,0.199,31,reviewed,nc,nc
2022-12-01T19:14:59.576Z,31.69946955,-104.1708528,6.131567383,2.7,ml,14,69,0.060377899,0.3,tx,tx2022xnsd,2022-12-06T21:41:56.040Z,,earthquake,0.975050664,1.2036179,0.3,11,reviewed,tx,tx
2022-12-01T15:28:29.660Z,32.8361667,-116.0403333,10.46,3.82,mw,79,43,0.06516,0.25,ci,ci40383192,2022-12-07T05:57:16.944Z,"12km NNW of Ocotillo, CA",earthquake,0.18,0.47,,4,reviewed,ci,ci
2022-12-01T14:59:49.587Z,31.61479245,-103.9658675,6.697143555,2.7,ml,16,68,0.004820225,0.1,tx,tx2022xnjs,2022-12-01T22:05:27.922Z,"36 km WSW of Mentone, Texas",earthquake,0.493279587,0.633046047,0.3,12,reviewed,tx,tx
2022-12-01T07:50:24.689Z,33.9609,-106.9294,6.264,3.6,ml,16,67,0.038,0.39,us,us6000j5yj,2022-12-06T21:44:22.976Z,New Mexico,earthquake,3.35,3.129,0.062,34,reviewed,us,us
2022-12-01T07:41:50.896Z,33.9689,-106.9125,5.594,2.7,ml,25,75,0.054,0.6,us,us6000j5yg,2022-12-01T20:56:29.405Z,,earthquake,5.63,2.26,0.105,12,reviewed,us,us
2022-11-30T12:09:32.900Z,39.0416667,-123.0855,4.14,2.72,md,80,58,,0.12,nc,nc73813076,2022-12-02T00:35:16.452Z,"12km SE of Talmage, CA",earthquake,0.13,0.65,0.242,62,reviewed,nc,nc
2022-11-30T04:33:53.415Z,31.60971654,-103.9723007,7.622631836,2.5,ml,14,65,0.045990912,0.1,tx,tx2022xkto,2022-11-30T16:30:25.896Z,"36 km NNW of Toyah, Texas",earthquake,0.741793949,1.186086862,0.1,11,reviewed,tx,tx
2022-11-30T03:18:29.548Z,31.64266733,-104.2259089,8.445288086,2.9,ml,36,66,0.044103851,0.2,tx,tx2022xkrb,2022-11-30T16:31:32.582Z,"54 km NW of Toyah, Texas",earthquake,0.707401267,1.10483081,0.2,26,reviewed,tx,tx
2022-11-29T19:38:49.651Z,31.72856511,-104.5243923,5.874487305,2.839175175,mlv,28,83,0.010650487,0.3,tx,tx2022xkbx,2022-11-30T15:04:46.040Z,"51 km SSW of Whites City, New Mexico",earthquake,1.206731315,0.821702844,0.218630206,17,reviewed,tx,tx
2022-11-29T12:23:17.830Z,39.8096667,-123.1873333,7.75,2.53,md,31,48,0.08282,0.12,nc,nc73812746,2022-12-06T13:10:34.040Z,"6km ENE of Covelo, CA",earthquake,0.24,0.4,0.103,37,reviewed,nc,nc
2022-11-29T09:41:25.446Z,31.67150103,-104.4037571,6.851391602,3.1,ml,40,69,0.020832238,0.2,tx,tx2022xjif,2022-11-29T20:18:01.511Z,"55 km S of Whites City, New Mexico",earthquake,0.884310977,0.665948896,0.1,30,reviewed,tx,tx
2022-11-29T05:39:14.649Z,31.56357293,-104.1398534,6.851391602,2.5,ml,40,67,0.018940185,0.3,tx,tx2022xjaf,2022-12-03T09:03:32.040Z,"42 km NW of Toyah, Texas",earthquake,0.857143554,0.645425613,0.2,28,reviewed,tx,tx
2022-11-29T05:38:25.946Z,31.5621748,-104.1441462,7.776879883,2.5,ml,49,68,0.022429865,0.2,tx,tx2022xjae,2022-12-05T07:10:05.040Z,"43 km NW of Toyah, Texas",earthquake,0.556350766,0.72885454,0,7,reviewed,tx,tx
2022-11-29T04:58:47.331Z,31.56079363,-104.1446752,6.851391602,2.5,ml,35,68,0.023744147,0.2,tx,tx2022xiyw,2022-11-29T22:57:20.287Z,"43 km NW of Toyah, Texas",earthquake,0.690988848,0.772182873,0.2,25,reviewed,tx,tx
2022-11-28T22:45:17.439Z,38.8788,-97.4298,5,2.5,mb_lg,20,125,0.677,0.27,us,us7000it46,2022-12-06T05:59:00.393Z,"6 km E of New Cambria, Kansas",earthquake,2.87,2.002,0.089,33,reviewed,us,us
2022-11-28T18:59:23.630Z,31.55439337,-104.1371084,6.645727539,3.5,ml,28,94,0.063942069,0.2,tx,tx2022xifc,2022-12-05T16:33:22.273Z,"42 km NW of Toyah, Texas",earthquake,0.951248195,0.852576093,0.2,28,reviewed,tx,tx
2022-11-28T02:33:36.759Z,35.28283333,-98.01716667,6.75,2.9,ml,96,25,0,0.25,ok,ok2022xgyp,2022-12-06T03:51:52.040Z,"7 km WSW of Minco, Oklahoma",earthquake,,0.4,0.22,42,reviewed,ok,ok
2022-11-28T01:54:59.726Z,31.60928415,-103.9636918,8.856616211,2.5,ml,21,51,0.092476178,0.1,tx,tx2022xgxi,2022-12-01T23:55:03.040Z,"36 km WSW of Mentone, Texas",earthquake,0.631880314,1.173837599,0.2,30,reviewed,tx,tx
2022-11-27T11:49:45.090Z,33.1608333,-116.0193333,3.29,2.63,ml,77,27,0.0371,0.19,ci,ci40381488,2022-12-05T06:37:07.040Z,"11km E of Ocotillo Wells, CA",earthquake,0.14,0.35,0.08,24,reviewed,ci,ci
2022-11-27T04:21:04.350Z,31.68216525,-104.3893176,6.080151367,2.6,ml,41,65,0.031239443,0.2,tx,tx2022xfgo,2022-11-29T08:48:18.003Z,"54 km S of Whites City, New Mexico",earthquake,0.775632178,0.747616133,0.1,26,reviewed,tx,tx
2022-11-27T04:00:15.650Z,40.3545,-124.5653333,25.42,2.66,md,32,235,0.1826,0.17,nc,nc73811936,2022-12-02T03:05:16.335Z,"24km W of Petrolia, CA",earthquake,0.7,0.86,0.202,36,reviewed,nc,nc
2022-11-26T16:07:26.095Z,31.68666321,-104.4044329,6.028735352,3.1,ml,27,53,0.038532108,0.2,tx,tx2022xeij,2022-11-28T10:35:23.509Z,"54 km S of Whites City, New Mexico",earthquake,0.732437531,0.66064052,0.1,15,reviewed,tx,tx
2022-11-26T14:40:15.945Z,30.7737,-116.4114,10,4.3,mb,31,216,0.818,0.98,us,us7000iskd,2022-12-02T22:02:55.364Z,"31 km SW of Las Brisas, Mexico",earthquake,4.13,1.96,0.133,19,reviewed,us,us
2022-11-26T14:37:19.088Z,37.9932,-118.2341,4,2.6,ml,25,57.38,0.261,0.1288,nn,nn00852064,2022-11-28T18:40:21.664Z,"28 km NE of Benton, California",earthquake,,1.4,0.36,10,reviewed,nn,nn
2022-11-26T07:34:42.900Z,35.5861667,-116.9095,1.99,2.52,ml,24,83,0.1614,0.14,ci,ci40381112,2022-12-07T13:19:00.040Z,"41km NNW of Fort Irwin, CA",earthquake,0.19,0.83,0.162,92,reviewed,ci,ci
2022-11-26T03:35:34.457Z,31.56777641,-104.097804,6.093005371,2.9,ml,25,89,0.026065888,0.1,tx,tx2022xdjo,2022-11-28T09:55:28.871Z,"40 km NW of Toyah, Texas",earthquake,0.593527138,0.427997068,0.1,14,reviewed,tx,tx
2022-11-26T03:15:51.460Z,36.7043333,-121.3368333,2.81,2.6,md,55,47,0.008379,0.1,nc,nc73811581,2022-11-30T04:09:00.040Z,"10km S of Tres Pinos, CA",earthquake,0.19,0.22,0.153,77,reviewed,nc,nc
2022-11-26T01:33:46.235Z,31.59041145,-104.1986443,7.416967773,2.510355001,mlv,32,69,0.06335867,0.2,tx,tx2022xdfn,2022-11-30T22:56:19.040Z,"49 km NW of Toyah, Texas",earthquake,0.889893692,0.887503924,0.134250009,19,reviewed,tx,tx
2022-11-26T01:16:43.110Z,36.6423333,-121.2633333,6.36,2.7,md,71,66,0.05188,0.11,nc,nc73811561,2022-11-29T03:54:13.098Z,"16km NW of Pinnacles, CA",earthquake,0.12,0.32,0.131,89,reviewed,nc,nc
2022-11-25T23:34:05.000Z,48.0269,-69.685,18.507,2.5,ml,10,138,0.645,0.22,us,us7000isip,2022-12-04T05:54:18.040Z,"18 km NW of Cacouna, Canada",earthquake,2.34,8.234,0.081,20,reviewed,us,us
2022-11-25T16:37:54.880Z,35.28533333,-98.01083333,7.33,2.8,ml,89,37,0,0.24,ok,ok2022xcny,2022-11-28T14:15:56.160Z,"6 km WSW of Minco, Oklahoma",earthquake,,0.4,0.25,48,reviewed,ok,ok
2022-11-25T14:17:39.182Z,31.68441096,-104.3974134,5.668823242,2.9,ml,34,68,0.024628987,0.3,tx,tx2022xcjh,2022-12-03T07:14:08.040Z,"54 km S of Whites City, New Mexico",earthquake,0.759976822,0.571326231,0.2,25,reviewed,tx,tx
2022-11-25T11:27:17.727Z,32.43255615,-102.0742426,9.268351237,2.6,ml,14,68,0.086612018,0.1,tx,tx2022xcdr,2022-12-02T08:53:43.040Z,"35 km SSW of Los Ybanez, Texas",earthquake,0.683702758,1.441473352,0.3,18,reviewed,tx,tx
2022-11-25T11:09:52.455Z,47.2568,-115.2674,10.861,2.6,ml,18,55,0.764,0.36,us,us7000isak,2022-12-02T08:49:49.040Z,"13 km WSW of Saint Regis, Montana",earthquake,1.46,8.353,0.06,36,reviewed,us,us
2022-11-25T09:06:01.510Z,33.9923333,-118.3508333,9.84,2.52,ml,98,38,0.009214,0.21,ci,ci40380672,2022-12-02T09:09:21.040Z,"0km SSW of View Park-Windsor Hills, CA",earthquake,0.14,0.31,0.172,132,reviewed,ci,ci
2022-11-25T03:29:50.909Z,37.2713,-97.9353,9.101,2.5,ml,28,104,0.183,0.29,us,us7000is8q,2022-11-25T05:07:28.916Z,"4 km WSW of Danville, Kansas",earthquake,1.34,8.256,0.064,32,reviewed,us,us
2022-11-25T00:48:20.822Z,38.1701,-116.7331,2.1,2.6,ml,19,93.17,0.696,0.1599,nn,nn00852012,2022-11-25T19:09:14.548Z,"45 km ENE of Tonopah, Nevada",earthquake,,1.6,0.36,9,reviewed,nn,nn
2022-11-24T21:18:20.840Z,31.57,-115.694,12.4,2.8,ml,6,130,0.1939,0.36,ci,ci40380504,2022-11-30T20:02:48.067Z,"84km E of Maneadero, B.C., MX",earthquake,1.23,31.61,0.107,16,reviewed,ci,ci
2022-11-24T20:51:13.477Z,31.61248783,-104.0028423,7.712609863,3,ml,26,35,0.01468239,0.1,tx,tx2022xbat,2022-11-24T22:15:56.040Z,"38 km NNW of Toyah, Texas",earthquake,0.434822046,0.364321691,0.1,14,reviewed,tx,tx
2022-11-24T20:50:33.699Z,31.61348604,-103.9791765,8.509558105,2.9,ml,34,42,0.009248584,0.1,tx,tx2022xbaw,2022-11-30T15:43:43.040Z,"37 km WSW of Mentone, Texas",earthquake,0.436689677,0.381354466,0.2,25,reviewed,tx,tx
2022-11-24T19:25:47.585Z,31.6155766,-104.0067572,7.982543945,2.5,ml,19,56,0.010294704,0.2,tx,tx2022xaxz,2022-11-30T14:42:45.040Z,"39 km NNW of Toyah, Texas",earthquake,0.590487826,0.625418114,0.2,12,reviewed,tx,tx
2022-11-24T19:19:28.583Z,31.62673498,-104.0029099,8.483850098,4.7,ml,52,31,0.01444632,0.1,tx,tx2022xaxs,2022-12-06T18:42:26.989Z,,earthquake,0.463415927,0.512971147,0.2,69,reviewed,tx,tx
2022-11-24T19:19:16.597Z,31.62399855,-103.9967096,6.607165527,2.6,ml,22,52,0.018441209,0.2,tx,tx2022xaxt,2022-11-30T14:43:20.937Z,"38 km WSW of Mentone, Texas",earthquake,0.475112668,0.546741406,0.2,13,reviewed,tx,tx
2022-11-24T19:14:19.519Z,31.63414005,-103.9876096,7.429821777,4.5,ml,42,47,0.028418108,0.1,tx,tx2022xaxp,2022-11-30T21:15:14.670Z,western Texas,earthquake,0.427153702,0.562830798,0.2,42,reviewed,tx,tx
2022-11-24T18:06:09.076Z,31.71009894,-104.4725011,5.051831055,2.7,ml,18,70,0.043740275,0.2,tx,tx2022xavi,2022-11-30T13:43:22.040Z,western Texas,earthquake,0.808133275,0.623192776,0.2,16,reviewed,tx,tx
2022-11-24T15:37:56.420Z,36.0043333,-120.5643333,4.14,2.51,md,64,46,0.02304,0.09,nc,nc73811036,2022-11-26T00:43:12.859Z,"17km NW of Parkfield, CA",earthquake,0.13,0.18,0.151,58,reviewed,nc,nc
2022-11-24T07:20:54.950Z,33.0695,-115.5835,11.77,3.01,ml,54,47,0.03118,0.25,ci,ci40380264,2022-11-28T15:06:05.190Z,"5km NE of Westmorland, CA",earthquake,0.21,0.32,0.17,89,reviewed,ci,ci
2022-11-24T07:18:11.294Z,31.68670531,-104.3979724,6.080151367,2.7,ml,34,68,0.024655051,0.3,tx,tx2022wzzy,2022-12-05T15:29:54.601Z,"54 km S of Whites City, New Mexico",earthquake,0.795001245,0.609326624,0.1,25,reviewed,tx,tx
2022-11-24T06:25:39.725Z,31.0122,-116.5181,10,4.2,mb,63,187,0.734,0.79,us,us7000is09,2022-11-24T06:50:32.040Z,"34 km W of Las Brisas, Mexico",earthquake,2.13,1.968,0.11,23,reviewed,us,us
2022-11-24T05:45:48.769Z,38.3674,-115.7972,6.7,2.5,ml,10,130.05,0.724,0.1488,nn,nn00851982,2022-11-28T17:56:31.137Z,"80 km N of Rachel, Nevada",earthquake,,3.8,0.21,5,reviewed,nn,nn
2022-11-23T22:34:02.290Z,37.2916667,-121.6641667,5.82,2.92,md,111,41,0.0334,0.08,nc,nc73810741,2022-12-04T01:56:31.040Z,"15km E of Seven Trees, CA",earthquake,0.08,0.17,0.178,160,reviewed,nc,nc
2022-11-23T22:16:57.350Z,33.8758333,-117.7658333,4.79,2.78,ml,90,24,0.04747,0.2,ci,ci40380048,2022-12-04T00:19:45.040Z,"5km ESE of Yorba Linda, CA",earthquake,0.14,0.33,0.19,120,reviewed,ci,ci
2022-11-23T14:50:35.291Z,31.52836424,-104.0080874,6.735705566,2.7,ml,26,64,0.03978448,0.2,tx,tx2022wytk,2022-11-24T06:43:04.040Z,"31 km NW of Toyah, Texas",earthquake,0.600897029,0.50723986,0.1,14,reviewed,tx,tx
2022-11-23T13:38:09.700Z,35.6381667,-117.4441667,6.62,2.51,ml,34,74,0.1303,0.14,ci,ci40379888,2022-11-24T06:19:30.040Z,"15km SSW of Searles Valley, CA",earthquake,0.16,0.57,0.159,80,reviewed,ci,ci
2022-11-23T08:05:12.187Z,31.6797273,-104.4108303,6.131567383,2.9,ml,11,77,0.012858608,0.2,tx,tx2022wyga,2022-11-23T08:20:19.064Z,"55 km S of Whites City, New Mexico",earthquake,0.973098524,0.686845864,0.1,7,reviewed,tx,tx
2022-11-23T03:42:45.020Z,32.91,-115.9686667,9.87,2.57,ml,71,30,0.02312,0.21,ci,ci40379696,2022-11-24T01:59:04.040Z,"20km N of Ocotillo, CA",earthquake,0.15,0.42,0.169,104,reviewed,ci,ci
2022-11-23T02:30:13.657Z,38.1864,-117.8655,6.3,3.5,ml,34,52.43,0.088,0.2189,nn,nn00851914,2022-12-03T01:33:06.040Z,"31 km SE of Mina, Nevada",earthquake,,0.8,0.51,17,reviewed,nn,nn
2022-11-23T01:57:57.820Z,31.71635872,-104.5581962,7.828295898,3.6,ml,25,84,0.0254625,0.2,tx,tx2022wxtx,2022-12-03T01:06:10.024Z,"53 km SSW of Whites City, New Mexico",earthquake,1.042226669,0.48762861,0.2,13,reviewed,tx,tx
2022-11-22T23:31:31.671Z,38.3489,-115.8266,7.3,2.9,ml,10,175.49,0.707,0.1967,nn,nn00851875,2022-11-23T23:47:32.040Z,"78 km N of Rachel, Nevada",earthquake,,8.5,0.14,5,reviewed,nn,nn
2022-11-22T23:28:15.666Z,38.322,-115.9271,4.8,2.8,ml,9,223.2,0.692,0.2048,nn,nn00851872,2022-11-23T23:49:18.040Z,"76 km NNW of Rachel, Nevada",earthquake,,5.1,0.18,5,reviewed,nn,nn
2022-11-22T23:24:57.768Z,47.1331,-65.603,12.292,2.8,ml,16,89,0.343,0.36,us,us7000irr9,2022-11-25T05:49:38.040Z,"13 km NNW of Miramichi, Canada",earthquake,2.23,8.407,0.06,36,reviewed,us,us
2022-11-22T22:37:32.622Z,31.61543446,-103.9806647,7.494091797,2.5,ml,25,55,0.0111461,0.1,tx,tx2022wxnh,2022-11-24T00:00:06.040Z,"37 km WSW of Mentone, Texas",earthquake,0.556360534,0.747851295,0.2,19,reviewed,tx,tx
2022-11-22T21:51:18.205Z,31.60261979,-104.2379952,7.314135742,2.5,ml,40,70,0.072806866,0.2,tx,tx2022wxlt,2022-11-24T00:09:52.040Z,"52 km NW of Toyah, Texas",earthquake,0.760934717,1.227059139,0,6,reviewed,tx,tx
2022-11-22T21:00:56.220Z,30.9454,-116.5078,10,4.5,mb,34,128,0.763,0.63,us,us7000irm7,2022-11-29T01:21:48.070Z,"Baja California, Mexico",earthquake,3.78,1.908,0.113,23,reviewed,us,us
2022-11-22T19:29:16.130Z,32.2506667,-115.369,8.44,2.87,ml,24,221,0.1768,0.23,ci,ci40379464,2022-11-22T21:35:55.355Z,"19km W of Alberto Oviedo Mota, B.C., MX",earthquake,0.93,1.5,0.155,59,reviewed,ci,ci
2022-11-22T19:08:14.772Z,31.72202186,-104.538867,6.234399414,2.7,ml,40,83,0.037358533,0.3,tx,tx2022wxgj,2022-11-23T16:51:48.774Z,"52 km SSW of Whites City, New Mexico",earthquake,1.066101125,0.804978214,0.2,27,reviewed,tx,tx
2022-11-22T16:39:05.701Z,30.7839,-116.3892,10,6.2,mww,160,61,0.798,0.7,us,us7000irjd,2022-12-06T21:28:52.119Z,"Baja California, Mexico",earthquake,4.56,1.748,0.029,118,reviewed,us,us
2022-11-22T14:59:56.163Z,31.5651355,-104.0973856,6.131567383,2.6,ml,26,63,0.027547619,0.2,tx,tx2022wwye,2022-11-28T20:40:29.040Z,"40 km NW of Toyah, Texas",earthquake,0.688598293,0.524315432,0.1,14,reviewed,tx,tx
2022-11-22T12:04:53.910Z,41.5098333,-112.1785,7.2,2.81,ml,41,66,0.0968,0.18,uu,uu60526012,2022-11-28T13:47:16.040Z,"7 km SW of Corinne, Utah",earthquake,0.27,0.54,0.151,20,reviewed,uu,uu
2022-11-22T05:07:49.415Z,31.67840454,-104.5330249,6.131567383,2.8,ml,57,80,0.029198041,0.2,tx,tx2022wweq,2022-11-28T07:38:21.040Z,"57 km SSW of Whites City, New Mexico",earthquake,0.867372973,0.545861147,0.1,30,reviewed,tx,tx
2022-11-21T02:52:42.018Z,37.9964,-118.2278,5.4,2.9,ml,25,52.77,0.273,0.1561,nn,nn00851705,2022-11-24T01:26:48.040Z,"29 km NE of Benton, California",earthquake,,5.4,0.3,10,reviewed,nn,nn
2022-11-21T00:52:14.363Z,38.3662,-115.8242,10.4,3,ml,29,60.54,0.725,0.2573,nn,nn00851695,2022-11-21T23:56:04.888Z,"80 km N of Rachel, Nevada",earthquake,,1.8,0.29,15,reviewed,nn,nn
2022-11-21T00:05:43.378Z,31.72073247,-104.5270042,5.977319336,3.2,ml,47,82,0.002540981,0.2,tx,tx2022wtze,2022-11-25T10:00:48.878Z,"52 km SSW of Whites City, New Mexico",earthquake,1.34593216,0.728616255,0.2,36,reviewed,tx,tx
2022-11-20T14:35:35.923Z,31.67402863,-104.2907317,7.828295898,2.5,ml,31,48,0.022155299,0.2,tx,tx2022wtgj,2022-11-23T14:07:05.040Z,"56 km S of Whites City, New Mexico",earthquake,0.730070018,0.75345197,0.2,17,reviewed,tx,tx
2022-11-20T07:13:29.469Z,31.67866353,-104.4980343,6.080151367,2.8,ml,25,67,0.010347066,0.2,tx,tx2022wsru,2022-11-24T10:36:47.623Z,"56 km SSW of Whites City, New Mexico",earthquake,1.023957262,0.551926548,0.2,32,reviewed,tx,tx
2022-11-20T05:23:49.753Z,31.61467777,-104.0008352,9.319360352,2.5,ml,39,67,0.015321467,0.1,tx,tx2022wsoc,2022-11-23T20:24:45.933Z,"38 km NNW of Toyah, Texas",earthquake,0.478016262,0.382363127,0.2,55,reviewed,tx,tx
2022-11-20T02:10:25.319Z,31.52457686,-104.00686,6.645727539,2.6,ml,26,57,0.041596631,0.1,tx,tx2022wshu,2022-11-22T18:14:03.587Z,"30 km NW of Toyah, Texas",earthquake,0.806349169,0.575094533,0.1,13,reviewed,tx,tx
2022-11-19T22:14:42.744Z,46.8015,-112.6802,10,2.9,ml,10,88,0.164,0.35,us,us7000ir24,2022-12-02T04:29:16.040Z,Western Montana,earthquake,1.67,2.001,0.04,82,reviewed,us,us
2022-11-19T21:49:22.100Z,35.5711667,-120.8061667,3.46,2.81,md,61,50,0.07011,0.09,nc,nc73809431,2022-12-02T03:34:29.040Z,"9km WNW of Templeton, CA",earthquake,0.16,0.5,0.15,86,reviewed,nc,nc
2022-11-19T10:03:52.335Z,31.63489585,-104.0020069,7.468383789,4,ml,64,29,0.02022829,0.1,tx,tx2022wrbx,2022-11-21T23:09:16.476Z,"38 km WSW of Mentone, Texas",earthquake,0.374044591,0.491425671,0.2,32,reviewed,tx,tx
2022-11-19T04:15:41.720Z,34.1968333,-116.9511667,9.08,2.62,ml,104,23,0.07,0.15,ci,ci40377816,2022-11-20T17:52:35.369Z,"6km SW of Big Bear Lake, CA",earthquake,0.09,0.23,0.143,148,reviewed,ci,ci
2022-11-18T23:32:23.924Z,31.62950719,-103.9986185,6.041589355,2.6,ml,36,40,0.019002726,0.2,tx,tx2022wqhb,2022-11-22T19:59:07.644Z,western Texas,earthquake,0.314854547,0.374223431,0.1,17,reviewed,tx,tx
2022-11-18T20:59:21.287Z,31.65396867,-104.5125867,8.008251953,2.7,ml,30,75,0.017785463,0.5,tx,tx2022wqbz,2022-11-19T16:35:21.040Z,"59 km SSW of Whites City, New Mexico",earthquake,1.864913965,1.09797552,0.1,17,reviewed,tx,tx
2022-11-18T20:21:46.584Z,31.55345937,-104.0868348,6.568603516,2.5,ml,40,63,0.032914186,0.2,tx,tx2022wqau,2022-11-19T16:10:47.040Z,"38 km NW of Toyah, Texas",earthquake,0.666250405,0.695535463,0.1,24,reviewed,tx,tx
2022-11-18T19:23:22.139Z,31.62847084,-103.9992862,8.599536133,2.9,ml,21,52,0.017992329,0.1,tx,tx2022wpyw,2022-11-18T20:14:33.040Z,"38 km WSW of Mentone, Texas",earthquake,1.289306476,0.702256671,0.2,10,reviewed,tx,tx
2022-11-18T18:58:39.370Z,31.63956788,-104.013195,6.041589355,2.7,ml,25,40,0.020180415,0.1,tx,tx2022wpxz,2022-11-18T20:37:04.576Z,western Texas,earthquake,0.372574494,0.381007042,0.2,18,reviewed,tx,tx
2022-11-18T09:04:56.057Z,31.63248808,-104.0005158,6.093005371,2.7,ml,36,50,0.019438588,0.2,tx,tx2022wpem,2022-11-18T16:47:42.199Z,"38 km WSW of Mentone, Texas",earthquake,0.428726014,0.348417671,0.1,20,reviewed,tx,tx
2022-11-18T08:12:39.614Z,31.62771827,-103.9838138,7.661193848,2.5,ml,50,49,0.021300908,0.2,tx,tx2022wpct,2022-11-27T14:15:48.040Z,"37 km WSW of Mentone, Texas",earthquake,0.423085026,0.546479168,0,7,reviewed,tx,tx
2022-11-18T05:34:56.995Z,31.66548399,-104.5398877,6.131567383,2.9,ml,38,79,0.03349556,0.2,tx,tx2022woxo,2022-11-27T13:56:37.040Z,"58 km SSW of Whites City, New Mexico",earthquake,1.274915122,0.65860474,0.1,23,reviewed,tx,tx
2022-11-18T03:34:03.001Z,31.63077607,-103.9971448,9.473608398,2.7,ml,69,31,0.020737828,0.2,tx,tx2022wotl,2022-11-18T08:48:33.649Z,western Texas,earthquake,0.50605852,0.548088359,0.2,40,reviewed,tx,tx
2022-11-18T03:10:16.172Z,31.64886475,-104.5844846,7.018513997,2.9,ml,39,80,0.073980744,0.2,tx,tx2022wost,2022-11-18T14:25:28.535Z,"61 km SSW of Whites City, New Mexico",earthquake,1.186820826,1.21013552,0.1,23,reviewed,tx,tx
2022-11-18T01:49:19.379Z,35.87416667,-97.58933333,9.75,2.64,ml,90,32,0,0.16,ok,ok2022woqc,2022-12-02T15:18:50.452Z,,earthquake,,2.1,0.23,43,reviewed,ok,ok
2022-11-17T19:00:24.883Z,31.6348178,-103.9911103,6.427209473,2.5,ml,40,32,0.027257114,0.2,tx,tx2022wocp,2022-11-18T16:56:07.217Z,"37 km WSW of Mentone, Texas",earthquake,0.385934505,0.539881323,0.2,25,reviewed,tx,tx
2022-11-17T14:43:12.764Z,30.71228027,-104.673447,6.602783203,2.5,ml,36,138,0.278154846,0.3,tx,tx2022wnud,2022-11-24T20:32:03.040Z,"21 km NW of Valentine, Texas",earthquake,1.788578841,2.101719389,0.1,19,reviewed,tx,tx
2022-11-17T13:23:21.942Z,44.2235,-116.2207,10,3.4,ml,16,64,0.857,0.64,us,us7000iqeg,2022-11-21T17:42:08.335Z,"13 km SW of Smiths Ferry, Idaho",earthquake,2.3,1.987,0.028,162,reviewed,us,us
2022-11-17T12:31:55.560Z,31.61738727,-103.980808,8.22677002,2.5,ml,23,87,0.012210386,0.2,tx,tx2022wnpu,2022-11-19T05:44:00.985Z,"37 km WSW of Mentone, Texas",earthquake,0.564571955,0.46599425,0.2,16,reviewed,tx,tx
2022-11-17T11:29:42.805Z,31.6196887,-103.9797423,6.350085449,2.5,ml,21,86,0.012944339,0.1,tx,tx2022wnns,2022-11-17T20:40:08.077Z,"37 km WSW of Mentone, Texas",earthquake,0.594104472,0.404008745,0.2,15,reviewed,tx,tx
2022-11-17T05:23:15.064Z,31.63748457,-104.0174897,7.224157715,2.7,ml,73,39,0.017715896,0.3,tx,tx2022wnbq,2022-11-17T09:02:34.533Z,"40 km W of Mentone, Texas",earthquake,0.481850458,0.520037299,0.2,38,reviewed,tx,tx
2022-11-17T04:38:31.981Z,31.63563504,-103.9872129,8.625244141,3.8,ml,61,57,0.030502619,0.2,tx,tx2022wnac,2022-11-21T16:46:04.438Z,"37 km WSW of Mentone, Texas",earthquake,0.456523627,0.578106525,0.2,33,reviewed,tx,tx
2022-11-17T01:49:06.251Z,31.61709197,-104.0004432,8.021105957,2.5,ml,46,34,0.01501811,0.2,tx,tx2022wmuo,2022-11-17T13:55:13.104Z,"38 km NNW of Toyah, Texas",earthquake,0.416554837,0.447136667,0.2,36,reviewed,tx,tx
2022-11-17T01:07:11.932Z,31.61013778,-103.9841374,9.627856445,2.9,ml,52,42,0.013061864,0.2,tx,tx2022wmtf,2022-11-17T05:55:45.040Z,"37 km NNW of Toyah, Texas",earthquake,0.478306294,0.392517917,0.1,30,reviewed,tx,tx
2022-11-17T01:04:09.070Z,31.61714426,-103.9848418,9.229382324,3.5,ml,73,39,0.015099338,0.2,tx,tx2022wmtd,2022-11-18T01:08:58.194Z,"37 km WSW of Mentone, Texas",earthquake,0.407798999,0.512390826,0.2,43,reviewed,tx,tx
2022-11-17T00:21:03.814Z,31.61147683,-103.960608,6.118713379,2.5,ml,35,49,0.007065361,0.1,tx,tx2022wmrr,2022-11-30T06:15:33.040Z,"35 km WSW of Mentone, Texas",earthquake,0.474597497,0.47034279,0.2,30,reviewed,tx,tx
2022-11-16T23:15:03.852Z,31.61717663,-103.9748891,7.738317871,2.8,ml,67,41,0.008289409,0.2,tx,tx2022wmpl,2022-11-30T04:50:13.040Z,"36 km WSW of Mentone, Texas",earthquake,0.397993219,0.596445002,0.1,36,reviewed,tx,tx
2022-11-16T22:50:36.340Z,31.6073499,-103.9932696,8.496704102,2.6,ml,33,57,0.021108834,0.2,tx,tx2022wmor,2022-11-30T04:28:08.040Z,"37 km NNW of Toyah, Texas",earthquake,0.551444074,0.513917609,0.2,18,reviewed,tx,tx
2022-11-16T22:39:13.563Z,31.62947111,-104.0091105,8.123937988,4,ml,65,28,0.01217681,0.2,tx,tx2022wmog,2022-11-30T04:22:11.034Z,"39 km WSW of Mentone, Texas",earthquake,0.348737141,0.420217237,0.2,53,reviewed,tx,tx
2022-11-16T22:01:04.256Z,31.63447804,-103.9896289,5.874487305,2.6,ml,18,83,0.029693731,0.1,tx,tx2022wmnb,2022-11-30T00:34:41.040Z,"37 km WSW of Mentone, Texas",earthquake,0.543891078,0.661073849,0.2,12,reviewed,tx,tx
2022-11-16T21:52:02.421Z,31.62852652,-103.9826069,8.702368164,2.5,ml,48,36,0.02137164,0.3,tx,tx2022wmmt,2022-11-30T00:28:15.040Z,"37 km WSW of Mentone, Texas",earthquake,0.592532123,0.774035769,0.2,27,reviewed,tx,tx
2022-11-16T21:46:03.596Z,31.60882457,-103.9636898,8.650952148,2.6,ml,28,47,0.041801135,0.2,tx,tx2022wmmo,2022-11-30T00:20:56.040Z,"36 km WSW of Mentone, Texas",earthquake,0.597543612,0.931127986,0.1,17,reviewed,tx,tx
2022-11-16T21:40:29.772Z,31.61834703,-103.9681694,5.604553223,3.4,ml,31,76,0.007681257,0.2,tx,tx2022wmmk,2022-11-30T00:11:24.040Z,western Texas,earthquake,0.44128086,0.476866547,0.2,18,reviewed,tx,tx
2022-11-16T21:39:45.025Z,31.6365363,-103.992598,5.334619141,2.8,ml,25,58,0.027232747,0.2,tx,tx2022wmmj,2022-11-30T00:00:43.040Z,western Texas,earthquake,0.572185539,0.645716145,0.1,14,reviewed,tx,tx
2022-11-16T21:36:30.788Z,31.63425093,-103.9888208,6.620019531,2.6,ml,13,86,0.028614274,0.1,tx,tx2022wmmh,2022-11-29T23:55:07.040Z,"37 km WSW of Mentone, Texas",earthquake,0.638139173,0.809471249,0.1,7,reviewed,tx,tx
2022-11-16T21:32:44.481Z,31.6367452,-103.9987871,6.902807617,5.4,ml,42,46,0.023451524,0.1,tx,tx2022wmmd,2022-12-07T18:40:19.246Z,"38 km WSW of Mentone, Texas",earthquake,0.462810906,0.629622792,0.2,21,reviewed,tx,tx
2022-11-16T13:47:44.447Z,47.2851,-114.1267,11.888,3.7,mwr,41,50,0.474,0.82,us,us7000iq4e,2022-11-22T21:40:16.736Z,"4 km ENE of Ravalli, Montana",earthquake,4.96,6.818,0.047,43,reviewed,us,us
2022-11-16T10:29:50.960Z,42.214,-111.091,7.6,3.04,ml,29,100,0.1986,0.21,uu,uu60525377,2022-11-26T08:34:06.040Z,"18 km NNW of Taylor, Wyoming",earthquake,0.44,1.29,0.207,13,reviewed,uu,uu
2022-11-16T10:20:08.970Z,42.2158333,-111.0901667,7.23,2.6,ml,30,100,0.1991,0.2,uu,uu60525372,2022-11-26T08:32:31.040Z,"18 km NNW of Taylor, Wyoming",earthquake,0.44,1.1,0.195,11,reviewed,uu,uu
2022-11-16T09:58:54.140Z,42.2126667,-111.091,9.49,3.57,ml,26,100,0.1978,0.24,uu,uu60525357,2022-11-26T08:33:21.120Z,"17 km NNW of Taylor, Wyoming",earthquake,0.47,1.11,0.218,17,reviewed,uu,uu
2022-11-16T09:41:58.110Z,42.2076667,-111.0896667,10.25,2.97,ml,26,99,0.1942,0.2,uu,uu60525337,2022-11-24T13:52:46.040Z,"17 km NNW of Taylor, Wyoming",earthquake,0.48,0.86,0.166,13,reviewed,uu,uu
2022-11-16T09:18:22.180Z,42.2151667,-111.0913333,7.61,2.81,ml,30,100,0.1995,0.2,uu,uu60525317,2022-11-24T13:46:00.040Z,"18 km NNW of Taylor, Wyoming",earthquake,0.46,0.99,0.192,13,reviewed,uu,uu
2022-11-16T05:22:16.280Z,37.4401667,-122.4241667,10.54,2.83,md,122,155,0.01136,0.12,nc,nc73808001,2022-11-23T07:06:37.040Z,"3km S of Half Moon Bay, CA",earthquake,0.13,0.18,0.156,143,reviewed,nc,nc
2022-11-15T19:28:25.937Z,38.2014,-117.8786,8.2,2.5,ml,20,84.6,0.084,0.1476,nn,nn00851327,2022-11-15T19:59:11.800Z,"29 km SE of Mina, Nevada",earthquake,,1.4,0.41,7,reviewed,nn,nn
2022-11-15T10:49:13.730Z,35.28233333,-98.01733333,7.9,2.92,ml,96,33,0,0.17,ok,ok2022wjvk,2022-11-15T23:59:43.704Z,"7 km WSW of Minco, Oklahoma",earthquake,,0.3,0.27,54,reviewed,ok,ok
2022-11-15T10:40:53.304Z,31.56097224,-104.1038136,7.057055664,2.7,ml,52,64,0.025486455,0.2,tx,tx2022wjvc,2022-11-15T15:03:50.040Z,"40 km NW of Toyah, Texas",earthquake,0.702936523,0.611718387,0.1,29,reviewed,tx,tx
2022-11-15T04:01:52.499Z,39.3318,-117.4792,9.2,3,ml,12,72.82,0.496,0.123,nn,nn00851287,2022-11-16T03:50:45.040Z,"37 km WNW of Kingston, Nevada",earthquake,,1.9,0.05,2,reviewed,nn,nn
2022-11-15T02:23:33.302Z,45.7212,-73.6966,7.952,3,mb_lg,28,82,0.227,0.39,us,us7000iprx,2022-11-20T03:22:50.714Z,"4 km WNW of Terrebonne, Canada",earthquake,1.85,7.558,0.073,50,reviewed,us,us
2022-11-14T20:29:54.130Z,38.8171667,-122.7993333,3.39,2.69,md,44,32,,0.03,nc,nc73805095,2022-11-22T18:41:37.040Z,"6km NW of The Geysers, CA",earthquake,0.18,0.31,0.279,28,reviewed,nc,nc
2022-11-14T20:27:18.830Z,38.82,-122.793,2.92,2.96,md,85,26,,0.05,nc,nc73805070,2022-11-20T17:42:17.449Z,"6km NNW of The Geysers, CA",earthquake,0.1,0.16,0.155,117,reviewed,nc,nc
2022-11-14T17:49:33.720Z,36.38316667,-90.91016667,11.55,2.5,md,6,194,0.1026,0.16,nm,nm60500008,2022-11-29T13:42:20.750Z,"4 km SSW of Maynard, Arkansas",earthquake,1.36,1.57,0.074449733,4,reviewed,nm,nm
2022-11-14T15:45:04.890Z,44.7905,-110.8218333,7.63,2.59,ml,26,103,0.02053,0.21,uu,uu60524952,2022-11-14T17:00:54.040Z,Wyoming,earthquake,0.46,0.7,0.286,5,reviewed,uu,uu
2022-11-14T14:11:53.427Z,32.27325439,-101.9349038,7.898885091,2.9,ml,38,84,0.045857232,0.2,tx,tx2022wigo,2022-11-20T18:23:58.040Z,"21 km NW of Stanton, Texas",earthquake,1.363739816,0.785767704,0.2,33,reviewed,tx,tx
2022-11-14T05:36:13.104Z,44.3576,-115.1455,10,2.6,ml,12,67,0.951,0.26,us,us7000ipke,2022-11-14T12:41:28.040Z,"22 km NW of Stanley, Idaho",earthquake,1.88,2.012,0.048,56,reviewed,us,us
2022-11-13T18:43:11.714Z,32.6524,-93.9825,5,3,mb_lg,26,130,0.417,0.45,us,us7000iphl,2022-11-17T01:28:08.189Z,"4 km SSW of Mooringsport, Louisiana",earthquake,4.33,1.99,0.071,124,reviewed,us,us
2022-11-13T12:14:56.703Z,31.68403456,-104.3844888,7.416967773,2.5,ml,48,68,0.035497058,0.2,tx,tx2022wghf,2022-11-15T05:32:56.040Z,"54 km S of Whites City, New Mexico",earthquake,0.658670213,0.804785491,0.1,27,reviewed,tx,tx
2022-11-13T06:46:45.620Z,31.56471977,-104.1141859,6.81282959,2.6,ml,62,65,0.016745166,0.2,tx,tx2022wfwk,2022-11-14T16:50:19.845Z,"41 km NW of Toyah, Texas",earthquake,0.520768013,0.532038746,0.1,36,reviewed,tx,tx
2022-11-13T06:41:59.751Z,31.56818731,-104.1093671,7.04420166,2.6,ml,68,54,0.017234275,0.2,tx,tx2022wfwf,2022-11-14T18:32:06.280Z,"41 km NW of Toyah, Texas",earthquake,0.474476886,0.53765288,0.1,36,reviewed,tx,tx
2022-11-13T04:36:24.265Z,31.65098384,-104.2173573,6.851391602,3.3,ml,25,64,0.045491894,0.2,tx,tx2022wfsc,2022-11-16T21:45:43.175Z,"54 km NW of Toyah, Texas",earthquake,0.797612629,0.930996901,0.2,22,reviewed,tx,tx
2022-11-13T04:32:11.549Z,31.64823732,-104.2151853,8.033959961,2.8,ml,42,64,0.048418175,0.2,tx,tx2022wfry,2022-11-13T07:16:36.986Z,"54 km NW of Toyah, Texas",earthquake,0.742529138,0.798571921,0.2,32,reviewed,tx,tx
2022-11-12T17:06:55.630Z,36.8175,-121.5528333,6.37,2.73,md,82,27,0.02875,0.18,nc,nc73804360,2022-11-22T02:56:14.699Z,"3km SSW of San Juan Bautista, CA",earthquake,0.2,0.41,0.135,89,reviewed,nc,nc
2022-11-12T14:01:55.063Z,44.2666,-115.1034,10,3,ml,17,67,0.862,0.5,us,us7000ipb5,2022-11-15T06:00:40.796Z,"14 km WNW of Stanley, Idaho",earthquake,2.19,2.012,0.037,94,reviewed,us,us
2022-11-12T13:45:07.260Z,41.5125,-112.1813333,10.07,3.58,ml,30,67,0.09341,0.15,uu,uu60524772,2022-11-19T00:22:15.137Z,"7 km SW of Corinne, Utah",earthquake,0.29,1.28,0.141,23,reviewed,uu,uu
2022-11-12T13:11:22.400Z,38.5111667,-119.5185,4.48,3.09,ml,24,83,0.03055,0.07,nc,nc73804285,2022-11-13T00:52:13.223Z,"3km W of Walker, CA",earthquake,0.19,0.37,0.152,54,reviewed,nc,nc
2022-11-12T10:20:31.090Z,31.5266667,-115.7781667,17.69,2.78,ml,12,149,0.1349,0.21,ci,ci40131415,2022-11-13T18:21:06.974Z,"78km ESE of Maneadero, B.C., MX",earthquake,0.8,0.9,0.14,53,reviewed,ci,ci
2022-11-12T09:58:48.186Z,43.8328,-109.2494,10.289,3.5,ml,68,35,1.006,0.61,us,us7000ip9u,2022-11-13T10:01:51.489Z,"45 km NE of Dubois, Wyoming",earthquake,2.89,8.476,0.051,50,reviewed,us,us
2022-11-12T09:30:12.610Z,38.1878,-117.8543,6.2,2.5,ml,14,55.2,0.096,0.1476,nn,nn00851168,2022-11-14T17:42:35.654Z,"31 km SE of Mina, Nevada",earthquake,,2.1,0.22,7,reviewed,nn,nn
2022-11-12T04:31:09.900Z,37.8308333,-122.0476667,9.69,2.71,md,134,35,0.0188,0.17,nc,nc73804110,2022-11-20T08:21:10.290Z,"2km SSW of Alamo, CA",earthquake,0.12,0.22,0.154,145,reviewed,nc,nc
2022-11-12T04:13:23.760Z,32.22198486,-103.0796256,6.871785482,2.6,ml,28,49,0.300802544,0.2,tx,tx2022wdvv,2022-11-14T21:26:38.143Z,"16 km NE of Jal, New Mexico",earthquake,1.318796567,2.378447592,0.1,17,reviewed,tx,tx
2022-11-11T12:05:35.820Z,35.8905,-117.7288333,2.73,2.8,ml,35,54,0.08685,0.15,ci,ci40131063,2022-11-14T08:26:41.040Z,"17km ESE of Little Lake, CA",earthquake,0.18,0.32,0.162,24,reviewed,ci,ci
2022-11-11T11:16:19.920Z,35.7415,-117.5666667,3.56,3.19,ml,45,70,0.07821,0.15,ci,ci40131047,2022-11-14T08:24:46.040Z,"15km W of Searles Valley, CA",earthquake,0.14,0.5,0.122,222,reviewed,ci,ci
2022-11-11T06:16:59.080Z,35.8008333,-90.1481667,6.03,2.5,md,38,44,0.01682,0.22,nm,nm60415501,2022-11-23T13:01:08.040Z,"8 km S of Manila, Arkansas",earthquake,0.31,0.65,0.118,35,reviewed,nm,nm
2022-11-11T06:09:30.880Z,36.3435,-89.433,4.38,3.19,md,57,35,0.05148,0.17,nm,nm60415496,2022-11-23T12:58:30.040Z,"5 km SE of Tiptonville, Tennessee",earthquake,0.18,0.26,0.152904569,44,reviewed,nm,nm
2022-11-11T04:08:15.403Z,31.10995141,-103.2439976,2.738110352,2.7,ml,31,60,0.016562452,0.2,tx,tx2022wcaa,2022-12-03T00:04:08.040Z,western Texas,earthquake,1.302371046,0.820647141,0.2,19,reviewed,tx,tx
2022-11-10T23:25:48.950Z,34.72283333,-98.48466667,20.94,2.76,ml,101,95,0.244751971,0.43,ok,ok2022wbqv,2022-11-20T03:58:01.040Z,"1 km ESE of Medicine Park, Oklahoma",earthquake,,0.7,0.25,30,reviewed,ok,ok
2022-11-10T13:29:43.910Z,38.8085,-122.735,2.41,2.61,md,82,52,0.01222,0.07,nc,nc73803290,2022-11-17T07:47:13.991Z,"2km SW of Cobb, CA",earthquake,0.11,0.17,0.14,71,reviewed,nc,nc
2022-11-10T06:04:24.936Z,31.61005255,-104.3069072,7.57121582,2.7,ml,53,60,0.071304711,0.2,tx,tx2022waim,2022-11-10T18:19:04.790Z,"58 km WNW of Toyah, Texas",earthquake,0.645621705,0.804138866,0,6,reviewed,tx,tx
2022-11-10T02:34:13.443Z,40.1488,-119.1397,8.2,2.5,ml,13,199.96,0.453,0.1773,nn,nn00850988,2022-11-14T00:44:25.040Z,"39 km NNE of Nixon, Nevada",earthquake,,1.2,0.31,7,reviewed,nn,nn
2022-11-10T00:06:43.616Z,40.1662,-119.1438,13,2.5,ml,8,186.55,0.45,0.1776,nn,nn00850964,2022-11-25T22:49:44.040Z,"41 km NNE of Nixon, Nevada",earthquake,,1.6,0.36,4,reviewed,nn,nn
2022-11-09T22:56:27.510Z,31.5633333,-115.6926667,4.02,2.97,ml,11,114,0.1883,0.07,ci,ci40130535,2022-11-25T22:30:21.040Z,"84km ESE of Maneadero, B.C., MX",earthquake,0.36,1.09,0.148,52,reviewed,ci,ci
2022-11-09T21:51:19.190Z,34.944,-97.62583333,10.88,2.71,ml,100,35,0.035992937,0.26,ok,ok2022vzsf,2022-11-24T05:18:50.200Z,"9 km S of Dibble, Oklahoma",earthquake,,0.7,0.19,36,reviewed,ok,ok
2022-11-09T13:48:48.770Z,40.1633,-119.1358,8,2.6,ml,11,186.48,0.456,0.1326,nn,nn00850892,2022-11-11T06:19:11.040Z,"41 km NNE of Nixon, Nevada",earthquake,,1.4,0.25,7,reviewed,nn,nn
2022-11-09T10:12:07.123Z,31.5097,-115.6351,18.894,2.7,ml,34,102,0.173,0.74,us,us7000inhp,2022-11-23T11:41:33.741Z,"61 km ENE of San Vicente, Mexico",earthquake,2.3,6.89,0.057,40,reviewed,us,us
2022-11-08T17:56:22.304Z,31.6642,-104.3641,7.572,2.7,ml,51,50,0.058,0.44,us,us7000inc3,2022-12-07T17:23:49.040Z,"56 km S of Whites City, New Mexico",earthquake,1.28,2.193,0.062,95,reviewed,us,us
2022-11-08T17:35:07.270Z,40.2838333,-124.4176667,8.5,2.53,md,26,238,0.05761,0.15,nc,nc73802800,2022-12-07T16:12:29.040Z,"12km WSW of Petrolia, CA",earthquake,0.59,0.37,0.123,35,reviewed,nc,nc
2022-11-08T16:35:25.910Z,39.6085,-120.3948333,-1.58,2.76,md,25,63,0.1336,0.12,nc,nc73802785,2022-11-15T14:40:08.040Z,"15km WSW of Loyalton, CA",earthquake,0.23,1.26,0.146,61,reviewed,nc,nc
2022-11-08T15:26:06.880Z,39.4851667,-123.115,3.83,2.63,md,46,71,0.09427,0.08,nc,nc73802750,2022-11-09T00:08:13.625Z,"16km WNW of Lake Pillsbury, CA",earthquake,0.15,0.54,0.235,51,reviewed,nc,nc
2022-11-08T13:42:31.680Z,40.1563,-119.1389,7,2.5,ml,13,104.06,0.454,0.2315,nn,nn00850814,2022-11-08T16:48:21.040Z,"40 km NNE of Nixon, Nevada",earthquake,,1.8,0.22,8,reviewed,nn,nn
2022-11-08T11:57:11.424Z,31.66201297,-104.3783731,6.697143555,3.3,ml,27,66,0.046118141,0.4,tx,tx2022vxcy,2022-11-08T22:19:53.174Z,"56 km S of Whites City, New Mexico",earthquake,1.054774604,1.093573855,0.2,20,reviewed,tx,tx
2022-11-08T03:50:53.985Z,40.172,-119.148,8.3,3.3,ml,24,57.64,0.447,0.1429,nn,nn00850805,2022-11-09T02:51:22.040Z,"41 km NNE of Nixon, Nevada",earthquake,,0.8,0.28,8,reviewed,nn,nn
2022-11-08T00:14:02.870Z,31.5643333,-115.6708333,0.74,2.65,ml,10,128,0.1977,0.09,ci,ci40130079,2022-11-10T19:01:14.204Z,"86km E of Maneadero, B.C., MX",earthquake,0.46,0.83,0.146,41,reviewed,ci,ci
2022-11-07T19:41:35.350Z,38.5181667,-119.5206667,4.61,3.23,ml,22,96,0.03226,0.05,nc,nc73802520,2022-11-21T19:37:37.040Z,"4km W of Walker, CA",earthquake,0.2,0.33,0.24,30,reviewed,nc,nc
2022-11-07T19:38:53.130Z,39.7935,-123.1898333,5.85,2.51,md,42,40,0.09883,0.14,nc,nc73802510,2022-11-21T19:24:00.040Z,"5km E of Covelo, CA",earthquake,0.21,0.46,0.104,42,reviewed,nc,nc
2022-11-07T19:32:58.440Z,38.5203333,-119.5126667,4.55,2.88,md,20,103,0.02641,0.05,nc,nc73802505,2022-11-21T19:31:58.040Z,"3km WNW of Walker, CA",earthquake,0.2,0.34,0.159,53,reviewed,nc,nc
2022-11-07T15:15:03.090Z,31.65135131,-104.3180018,7.468383789,3.5,ml,36,128,0.049610728,0.3,tx,tx2022vvod,2022-11-14T21:21:55.828Z,"58 km S of Whites City, New Mexico",earthquake,0.861827242,0.991278286,0.2,26,reviewed,tx,tx
2022-11-07T13:13:52.350Z,32.727,-118.2761667,5.85,2.63,ml,32,223,0.3399,0.26,ci,ci40129991,2022-11-07T18:30:08.040Z,"12km SSE of San Clemente Is. (SE tip), CA",earthquake,0.55,31.61,0.137,128,reviewed,ci,ci
2022-11-07T10:43:04.488Z,43.0277,-111.593,10,3.1,ml,35,63,0.447,0.51,us,us7000in1y,2022-12-07T09:03:38.040Z,,earthquake,3.31,2.01,0.042,74,reviewed,us,us
2022-11-07T06:09:33.679Z,36.53883333,-98.96366667,6.64,2.51,ml,90,47,0,0.2,ok,ok2022vuwd,2022-11-08T14:29:10.433Z,"8 km WSW of Waynoka, Oklahoma",earthquake,,0.3,0.28,25,reviewed,ok,ok
2022-11-07T05:13:56.560Z,31.5623333,-115.6716667,0.39,2.5,ml,11,107,0.1956,0.07,ci,ci40129879,2022-11-07T17:40:03.890Z,"86km E of Maneadero, B.C., MX",earthquake,0.34,0.62,0.09,37,reviewed,ci,ci
2022-11-07T05:10:26.660Z,31.509,-115.782,21.56,3.81,ml,9,164,0.1173,0.14,ci,ci40129871,2022-11-08T05:13:42.643Z,"78km ESE of Maneadero, B.C., MX",earthquake,0.62,0.85,0.152,76,reviewed,ci,ci
2022-11-07T04:59:02.620Z,31.5571667,-115.6993333,7.04,4.04,mw,14,87,0.1804,0.1,ci,ci40129847,2022-12-06T01:55:00.429Z,"84km ESE of Maneadero, B.C., MX",earthquake,0.22,0.92,,6,reviewed,ci,ci
2022-11-07T04:52:55.210Z,31.5536667,-115.7113333,8.36,3.69,ml,14,91,0.1733,0.2,ci,ci40129839,2022-11-15T06:13:14.040Z,"83km ESE of Maneadero, B.C., MX",earthquake,0.36,1.39,0.139,86,reviewed,ci,ci
2022-11-07T04:50:33.060Z,31.5138333,-115.7966667,19.58,3.1,ml,9,172,0.1225,0.2,ci,ci40129831,2022-11-15T06:09:45.040Z,"76km ESE of Maneadero, B.C., MX",earthquake,0.89,1.41,0.114,55,reviewed,ci,ci
2022-11-07T04:14:51.182Z,44.3663,-115.1659,10,3.6,ml,34,61,0.935,0.68,us,us7000in01,2022-11-17T00:36:41.185Z,"24 km NW of Stanley, Idaho",earthquake,2.88,2.011,0.03,148,reviewed,us,us
2022-11-07T02:01:27.780Z,39.4828333,-123.1165,5.64,3.76,mw,66,71,0.09557,0.08,nc,nc73804556,2022-12-01T21:32:14.303Z,"16km WNW of Lake Pillsbury, CA",earthquake,0.12,0.34,,3,reviewed,nc,nc
2022-11-06T22:54:08.509Z,34.66583333,-96.0045,23.54,2.55,ml,74,88,0.321236962,0.29,ok,ok2022vuhu,2022-11-07T22:00:57.040Z,"2 km ENE of Wardville, Oklahoma",earthquake,,0.6,0.2,19,reviewed,ok,ok
2022-11-06T15:37:38.369Z,36.54016667,-98.96333333,6.7,2.61,ml,100,47,0,0.17,ok,ok2022vttj,2022-11-13T22:20:34.040Z,"8 km WSW of Waynoka, Oklahoma",earthquake,,0.2,0.22,21,reviewed,ok,ok
2022-11-06T11:39:53.160Z,36.9838333,-112.9426667,16.48,3.78,ml,28,87,0.102,0.24,uu,uu60523487,2022-11-22T12:06:53.304Z,"3 km ESE of Colorado City, Arizona",earthquake,0.55,0.65,0.149,25,reviewed,uu,uu
2022-11-05T20:39:33.120Z,33.8315,-118.2781667,11.22,2.69,ml,75,63,0.0384,0.27,ci,ci40129359,2022-11-23T03:54:01.040Z,"0km E of Carson, CA",earthquake,0.21,0.36,0.192,121,reviewed,ci,ci
2022-11-05T19:06:48.590Z,36.629,-121.2515,9.46,2.8,md,79,54,0.05395,0.11,nc,nc73803991,2022-11-22T23:45:39.040Z,"14km NW of Pinnacles, CA",earthquake,0.14,0.26,0.131,135,reviewed,nc,nc
2022-11-05T18:44:12.230Z,37.0878333,-91.0195,8.1,3.16,md,55,39,0.08211,0.31,nm,nm60415171,2022-12-06T16:40:34.524Z,"10 km N of Van Buren, Missouri",earthquake,0.4,0.62,0.099,37,reviewed,nm,nm
2022-11-05T10:59:26.120Z,35.647,-117.4993333,7.95,2.66,ml,38,55,0.1324,0.12,ci,ci40129239,2022-12-03T13:16:46.040Z,"16km SSW of Searles Valley, CA",earthquake,0.13,0.56,0.134,116,reviewed,ci,ci
2022-11-05T01:48:32.547Z,28.96087646,-97.99804688,4.524129232,2.8,ml,23,43,0.020797881,0.3,tx,tx2022vqwn,2022-12-02T22:01:32.040Z,"3 km SE of Falls City, Texas",earthquake,1.563589819,1.811730384,0.2,13,reviewed,tx,tx
2022-11-05T01:01:29.521Z,31.6791131,-104.4339741,5.977319336,2.5,ml,49,52,0.023011938,0.2,tx,tx2022vquw,2022-11-10T20:01:19.538Z,"55 km S of Whites City, New Mexico",earthquake,0.732009234,0.681721689,0,6,reviewed,tx,tx
2022-11-04T20:27:36.120Z,38.8333333,-122.795,1.26,2.94,md,81,40,0.006238,0.07,nc,nc73803321,2022-11-30T22:59:09.040Z,"6km WNW of Cobb, CA",earthquake,0.09,0.11,0.144,62,reviewed,nc,nc
2022-11-04T20:26:32.930Z,38.8331667,-122.7961667,2.47,3.19,ml,90,22,0.006934,0.05,nc,nc73803326,2022-11-30T22:53:38.040Z,"6km W of Cobb, CA",earthquake,0.09,0.12,0.198,82,reviewed,nc,nc
2022-11-04T16:57:49.704Z,44.6548,-112.5143,10.613,2.9,ml,32,48,0.105,0.65,us,us7000imjn,2022-12-06T22:00:44.668Z,"6 km ENE of Lima, Montana",earthquake,1.78,7.349,0.051,50,reviewed,us,us
2022-11-04T11:46:03.760Z,37.4886667,-119.4043333,21.94,2.55,md,46,38,0.2113,0.07,nc,nc73803131,2022-11-11T07:55:18.040Z,"28km NE of Oakhurst, CA",earthquake,0.23,0.56,0.214,63,reviewed,nc,nc
2022-11-04T10:02:46.395Z,28.159,-112.305,10,6.1,mww,144,91,0.838,0.41,us,us7000imgl,2022-12-02T12:23:35.213Z,Gulf of California,earthquake,4.82,1.763,0.039,63,reviewed,us,us
2022-11-04T02:10:30.931Z,28.96179199,-97.98874081,2.494384766,2.7,ml,23,47,0.016519221,0.3,tx,tx2022vpbu,2022-11-19T23:53:35.040Z,"3 km SE of Falls City, Texas",earthquake,1.553280978,2.536055324,0.2,12,reviewed,tx,tx
2022-11-04T02:09:23.887Z,28.96362305,-97.99494485,6.94514974,2.8,ml,25,37,0.02096851,0.3,tx,tx2022vpbs,2022-11-19T23:51:09.040Z,"3 km SE of Falls City, Texas",earthquake,1.685411201,1.357081325,0.2,11,reviewed,tx,tx
2022-11-04T02:08:26.420Z,38.8363333,-122.8013333,1.81,2.83,md,83,28,0.008829,0.07,nc,nc73802826,2022-11-19T23:48:29.040Z,"7km WNW of Cobb, CA",earthquake,0.09,0.13,0.151,63,reviewed,nc,nc
2022-11-03T21:25:57.820Z,28.98834229,-98.03527114,2.469930013,3,ml,26,34,0.06341651,0.3,tx,tx2022vosj,2022-11-15T02:28:38.040Z,"1 km WNW of Falls City, Texas",earthquake,1.921158495,1.937869237,0.1,13,reviewed,tx,tx
2022-11-03T19:34:10.629Z,31.1644,-116.7074,10,3.3,ml,14,273,0.702,0.49,us,us7000ima7,2022-11-08T21:54:39.040Z,"47 km WSW of San Vicente, Mexico",earthquake,3.82,1.951,0.066,30,reviewed,us,us
2022-11-03T19:11:09.480Z,31.5301667,-115.7598333,16.86,3.27,ml,13,127,0.1399,0.12,ci,ci40128775,2022-11-08T21:42:23.040Z,"79km ESE of Maneadero, B.C., MX",earthquake,0.49,0.63,0.165,132,reviewed,ci,ci
2022-11-03T19:09:03.270Z,31.5638333,-115.6906667,1.67,3.1,ml,15,86,0.1895,0.09,ci,ci40128767,2022-11-08T21:56:00.040Z,"85km ESE of Maneadero, B.C., MX",earthquake,0.21,0.4,0.149,82,reviewed,ci,ci
2022-11-03T15:45:22.480Z,37.43,-121.7728333,8.78,2.8,md,121,31,0.05233,0.08,nc,nc73802691,2022-11-30T19:56:03.040Z,"9km NE of Alum Rock, CA",earthquake,0.08,0.2,0.129,140,reviewed,nc,nc
2022-11-03T14:56:43.397Z,31.16813827,-103.264417,1.118505859,2.5,ml,29,43,0.019370047,0.2,tx,tx2022vofn,2022-11-03T17:48:08.855Z,"20 km WSW of Coyanosa, Texas",earthquake,0.758583969,0.804279304,0.1,12,reviewed,tx,tx
2022-11-02T20:54:50.475Z,31.61903434,-104.0946022,6.658581543,2.5,ml,41,52,0.029423552,0.2,tx,tx2022vmvv,2022-11-03T19:25:21.096Z,western Texas,earthquake,0.509336473,0.52852282,0,7,reviewed,tx,tx
2022-11-02T20:29:25.306Z,43.8693,-108.0343,5,3.3,ml,12,172,1.532,0.97,us,us7000im1p,2022-11-07T20:26:04.040Z,"7 km SSW of South Flat, Wyoming",earthquake,2.24,1.95,0.043,71,reviewed,us,us
2022-11-02T17:04:43.329Z,38.3919,-96.8816,5,2.5,mb_lg,29,95,0.739,0.48,us,us7000im0p,2022-11-07T19:41:30.219Z,"12 km ENE of Marion, Kansas",earthquake,3.65,2.002,0.083,38,reviewed,us,us
2022-11-02T16:44:57.930Z,41.5028333,-112.1756667,7.16,2.69,ml,38,64,0.1039,0.21,uu,uu60523002,2022-11-28T02:03:13.040Z,Utah,earthquake,0.34,0.69,0.166,16,reviewed,uu,uu
2022-11-02T15:21:32.224Z,38.4013,-96.8417,5,2.8,mb_lg,31,93,0.722,0.36,us,us7000ilyv,2022-11-14T06:20:49.040Z,Kansas,earthquake,2.13,1.982,0.065,61,reviewed,us,us
2022-11-02T11:12:23.440Z,37.3086662,-121.677002,7.16,2.83,md,70,39,0.04286,0.06,nc,nc73802391,2022-11-13T06:59:49.040Z,"14km E of Seven Trees, CA",earthquake,0.13,0.27,0.13,93,automatic,nc,nc
2022-11-02T07:54:49.065Z,30.2041626,-104.6552258,0.024454753,2.6,ml,35,255,0.648475391,0.3,tx,tx2022vlwb,2022-11-02T19:37:46.278Z,"45 km SSW of Valentine, Texas",earthquake,2.369528486,0.523369588,0,6,reviewed,tx,tx
2022-11-02T05:52:09.714Z,32.5882,-109.023,5,3,ml,13,143,1.047,0.27,us,us7000ilx8,2022-11-30T15:01:00.866Z,Arizona,earthquake,4.74,1.942,0.091,16,reviewed,us,us
2022-11-02T05:30:37.615Z,32.5442,-109.0157,5,3.1,ml,12,145,1.04,0.6,us,us7000ilx1,2022-11-30T14:50:00.632Z,"15 km S of Virden, New Mexico",earthquake,3.41,1.948,0.097,14,reviewed,us,us
2022-11-02T04:58:23.840Z,36.6871667,-121.3175,3.1,2.54,md,50,89,0.03088,0.1,nc,nc73802331,2022-11-15T01:15:54.040Z,"11km S of Tres Pinos, CA",earthquake,0.2,0.39,0.249,55,reviewed,nc,nc
2022-11-02T04:37:04.970Z,42.27166667,-124.5796667,22.63,2.9,ml,15,244,0.1793,0.23,uw,uw61890796,2022-11-02T16:47:28.918Z,"15 km W of Pistol River, Oregon",earthquake,1.6,0.61,0.166130513,11,reviewed,uw,uw
2022-11-01T18:54:42.819Z,29.25750732,-97.46036305,6.089233398,2.9,ml,19,65,0.039690289,0.3,tx,tx2022vkwj,2022-11-30T23:19:21.040Z,"17 km E of Smiley, Texas",earthquake,2.173629077,2.343348904,0.1,10,reviewed,tx,tx
2022-11-01T07:17:38.387Z,28.1628,-111.7582,10,4.2,mb,41,106,0.943,1.2,us,us7000iln9,2022-12-06T21:42:50.818Z,"Sonora, Mexico",earthquake,10.13,1.832,0.216,6,reviewed,us,us
2022-11-01T05:23:47.890Z,33.7098333,-119.2718333,1.88,2.79,ml,21,180,0.4354,0.21,ci,ci40127943,2022-11-04T07:35:16.040Z,"33km NW of Santa Barbara Is., CA",earthquake,0.65,1.88,0.137,110,reviewed,ci,ci
2022-10-31T23:01:09.629Z,44.3927,-115.2615,10,3,ml,22,58,0.872,0.85,us,us7000ills,2022-11-28T04:06:37.040Z,"32 km NW of Stanley, Idaho",earthquake,4.77,2.012,0.042,76,reviewed,us,us
2022-10-31T22:53:45.650Z,35.974,-117.3248333,2.7,2.86,ml,38,56,0.08946,0.14,ci,ci40127847,2022-11-08T05:11:31.040Z,"24km NNE of Trona, CA",earthquake,0.16,0.43,0.13,25,reviewed,ci,ci
2022-10-31T21:25:59.414Z,31.61580046,-104.2655282,7.57121582,2.6,ml,42,70,0.055896827,0.2,tx,tx2022vjfw,2022-11-28T01:28:08.040Z,"55 km NW of Toyah, Texas",earthquake,0.643131149,0.869127819,0.2,25,reviewed,tx,tx
2022-10-31T16:21:52.452Z,29.24102783,-97.46863511,2.469930013,2.6,ml,17,72,0.051404041,0.2,tx,tx2022vivv,2022-11-07T20:55:41.040Z,Southern Texas,earthquake,1.367796349,1.520448342,0,6,reviewed,tx,tx
2022-10-31T10:22:03.660Z,44.3255,-115.0664,10,2.5,ml,13,66,0.897,0.77,us,us7000ilg8,2022-12-01T13:22:52.040Z,"15 km NW of Stanley, Idaho",earthquake,2.34,1.992,0.091,16,reviewed,us,us
2022-10-31T08:56:31.637Z,32.00623877,-103.8406251,9.730688477,2.7,ml,77,48,0.034041483,0.3,tx,tx2022vigy,2022-11-30T14:30:33.040Z,"32 km SE of Malaga, New Mexico",earthquake,0.765968708,0.574318544,0.1,41,reviewed,tx,tx
2022-10-31T07:20:59.600Z,37.3158333,-121.6805,7.25,2.83,md,124,28,0.03972,0.08,nc,nc73801601,2022-11-30T09:58:13.040Z,"14km ESE of Alum Rock, CA",earthquake,0.08,0.2,0.158,184,reviewed,nc,nc
2022-10-31T06:11:47.166Z,31.50369418,-104.0615686,6.697143555,2.8,ml,36,66,0.079879594,0.4,tx,tx2022vibr,2022-10-31T07:08:20.040Z,"33 km NW of Toyah, Texas",earthquake,0.883723795,0.934280461,0.2,21,reviewed,tx,tx
2022-10-31T06:06:32.330Z,37.6296667,-121.8145,8.56,2.8,md,109,43,0.01842,0.17,nc,nc73801581,2022-11-30T09:34:47.040Z,"6km SE of Pleasanton, CA",earthquake,0.14,0.2,0.146,78,reviewed,nc,nc
2022-10-31T04:52:58.560Z,34.3418333,-117.569,4.35,3.01,ml,130,26,0.09885,0.22,ci,ci40127463,2022-11-08T04:39:47.040Z,"6km ESE of Wrightwood, CA",earthquake,0.11,0.45,0.184,198,reviewed,ci,ci
2022-10-31T01:33:46.900Z,34.1625,-80.7191667,3.09,2.54,md,21,63,0.02446,0.3,se,se60414656,2022-11-28T00:03:51.576Z,"6 km E of Elgin, South Carolina",earthquake,0.63,0.42,0.174,18,reviewed,se,se
2022-10-30T13:24:56.920Z,36.5111667,-117.3738333,4.9,2.52,ml,24,80,0.2971,0.21,ci,ci40127287,2022-11-06T15:09:01.040Z,"23km WSW of Stovepipe Wells, CA",earthquake,0.33,31.61,0.125,40,reviewed,ci,ci
2022-10-30T12:42:11.258Z,32.49481201,-101.6755192,0.024454753,2.5,ml,50,46,0.140430624,0.3,tx,tx2022vgtb,2022-11-04T07:44:22.040Z,"5 km SE of Ackerly, Texas",earthquake,1.001705304,0.232294718,0.1,21,reviewed,tx,tx
2022-10-30T08:26:33.137Z,29.23736572,-97.47070313,3.986124674,3.5,ml,30,78,0.054652509,0.2,tx,tx2022vgkq,2022-12-06T21:09:59.645Z,"21 km E of Smiley, Texas",earthquake,1.973825979,1.606423898,0.1,13,reviewed,tx,tx
2022-10-30T08:16:03.080Z,34.0463333,-117.2351667,15.17,2.85,ml,149,15,0.07098,0.2,ci,ci40127223,2022-11-27T09:27:02.040Z,"2km E of Loma Linda, CA",earthquake,0.11,0.19,0.128,202,reviewed,ci,ci
2022-10-30T05:00:36.420Z,40.274,-124.414,16.85,2.79,md,33,237,0.0565,0.17,nc,nc73801086,2022-11-27T06:28:47.040Z,"12km WSW of Petrolia, CA",earthquake,0.43,0.3,0.195,49,reviewed,nc,nc
2022-10-29T12:28:31.860Z,31.61152169,-104.1051839,6.440063477,2.8,ml,20,86,0.037725463,0.1,tx,tx2022vexe,2022-11-26T10:49:13.040Z,"44 km NW of Toyah, Texas",earthquake,0.833441962,0.813511721,0.2,16,reviewed,tx,tx
2022-10-29T04:03:07.022Z,31.18922903,-103.3572672,7.416967773,2.5,ml,42,49,0.087292763,0.2,tx,tx2022vegl,2022-11-30T21:46:51.040Z,"26 km SE of Lindsay, Texas",earthquake,0.854865877,0.853243662,0.1,24,reviewed,tx,tx
2022-10-28T21:08:53.865Z,32.48931885,-101.6733756,7.556518555,3.4,ml,16,51,0.134699264,0.1,tx,tx2022vdsu,2022-11-14T02:15:30.040Z,"5 km SE of Ackerly, Texas",earthquake,1.400265271,2.337326203,0.1,13,reviewed,tx,tx
2022-10-28T16:31:28.368Z,29.23370361,-97.46863511,3.203572591,2.8,ml,18,71,0.05491375,0.2,tx,tx2022vdjq,2022-11-04T19:18:50.040Z,"16 km ESE of Smiley, Texas",earthquake,1.323330613,1.887266953,0.1,7,reviewed,tx,tx
2022-10-28T15:46:19.597Z,31.61084666,-104.2466622,8.548120117,2.5,ml,45,58,0.062812088,0.3,tx,tx2022vdid,2022-12-02T19:21:51.040Z,"54 km NW of Toyah, Texas",earthquake,0.813083685,1.021837652,0.1,25,reviewed,tx,tx
2022-10-28T15:46:17.940Z,29.23370361,-97.47277114,3.545939128,2.5,ml,14,70,0.058006907,0.1,tx,tx2022vdie,2022-11-02T08:58:38.745Z,"16 km ESE of Smiley, Texas",earthquake,0.735143767,1.839028979,0.1,10,reviewed,tx,tx
2022-10-28T13:33:21.007Z,35.16906738,-101.7660757,6.113688151,2.5,ml,12,74,0.257425371,0.3,tx,tx2022vddt,2022-12-02T05:42:49.040Z,"8 km SE of Amarillo, Texas",earthquake,1.459986393,1.343611782,0.2,7,reviewed,tx,tx
2022-10-28T10:40:37.040Z,36.9416667,-121.3346667,7.04,2.92,md,89,41,0.0484,0.15,nc,nc73800236,2022-11-18T08:39:43.040Z,"12km NNE of Hollister, CA",earthquake,0.14,0.4,0.138,172,reviewed,nc,nc
2022-10-28T02:08:00.260Z,37.611,-118.8613333,2.54,2.87,md,35,91,0.008081,0.03,nc,nc73800056,2022-11-03T00:22:34.040Z,"11km ESE of Mammoth Lakes, CA",earthquake,0.18,0.24,0.158,96,reviewed,nc,nc
2022-10-27T20:35:07.210Z,37.6091667,-118.8613333,2.61,2.53,md,30,91,0.009892,0.02,nc,nc73799881,2022-12-01T16:52:21.040Z,"11km ESE of Mammoth Lakes, CA",earthquake,0.15,0.22,0.161,42,reviewed,nc,nc
2022-10-27T17:54:22.550Z,40.3113333,-124.3686667,28.88,3.66,mw,39,225,0.03034,0.19,nc,nc73799821,2022-11-23T16:03:18.249Z,"7km WSW of Petrolia, CA",earthquake,0.5,0.46,,3,reviewed,nc,nc
2022-10-27T12:01:01.620Z,35.6548333,-117.4845,2.06,2.62,ml,31,88,0.1446,0.13,ci,ci40366648,2022-12-07T14:25:51.040Z,"14km SSW of Searles Valley, CA",earthquake,0.19,0.38,0.182,78,reviewed,ci,ci
2022-10-27T10:13:11.100Z,36.551,-89.6845,9.19,2.81,md,68,22,0.0244,0.11,nm,nm60414366,2022-12-07T14:22:55.040Z,"6 km SSE of Catron, Missouri",earthquake,0.16,0.29,0.109,62,reviewed,nm,nm
2022-10-26T18:05:00.548Z,28.58093262,-98.70013787,15.11303711,3.3,ml,24,68,0.244779111,0.5,tx,tx2022uzvs,2022-11-23T16:06:00.040Z,"16 km NE of Fowlerton, Texas",earthquake,2.755649615,1.51131099,0.1,30,reviewed,tx,tx
2022-10-26T16:42:29.210Z,28.4463501,-98.7611443,6.627237956,3,ml,18,81,0.296569975,0.4,tx,tx2022uzsz,2022-11-08T02:58:41.040Z,"5 km ESE of Fowlerton, Texas",earthquake,2.141616792,1.908797918,0.1,14,reviewed,tx,tx
2022-10-26T13:10:08.530Z,36.3023333,-89.4693333,6.1,2.73,md,54,33,0.007202,0.13,nm,nm60414171,2022-10-31T12:58:12.340Z,"4 km NNE of Ridgely, Tennessee",earthquake,0.17,0.36,0.051,43,reviewed,nm,nm
2022-10-26T08:15:08.220Z,33.6378333,-116.7423333,13.73,2.75,ml,113,13,0.04763,0.2,ci,ci40365968,2022-10-27T05:03:26.040Z,"11km NW of Anza, CA",earthquake,0.11,0.23,0.179,28,reviewed,ci,ci
2022-10-26T08:14:35.080Z,33.6383333,-116.7436667,13.64,2.85,ml,94,39,0.04768,0.21,ci,ci40365960,2022-12-07T14:18:49.040Z,"11km NW of Anza, CA",earthquake,0.14,0.27,0.176,148,reviewed,ci,ci
2022-10-26T06:24:19.660Z,38.5471667,-119.534,4.12,3.05,ml,24,64,0.04026,0.08,nc,nc73799336,2022-12-07T14:05:34.040Z,"6km NW of Walker, CA",earthquake,0.16,0.31,0.196,51,reviewed,nc,nc
2022-10-26T00:20:10.600Z,37.3163333,-121.6811667,7.98,2.72,md,109,39,0.03981,0.07,nc,nc73799211,2022-10-27T23:24:29.842Z,"14km ESE of Alum Rock, CA",earthquake,0.08,0.2,0.154,137,reviewed,nc,nc
2022-10-25T22:08:37.200Z,37.3106667,-121.6751667,8.05,3.54,mw,124,28,0.04039,0.08,nc,nc73799186,2022-12-01T00:03:21.612Z,"15km E of Seven Trees, CA",earthquake,0.08,0.19,,4,reviewed,nc,nc
2022-10-25T18:47:20.050Z,37.3056667,-121.6731667,6.66,2.94,ml,120,27,0.04341,0.07,nc,nc73799096,2022-11-22T18:18:33.883Z,"15km E of Seven Trees, CA",earthquake,0.08,0.21,0.16,56,reviewed,nc,nc
2022-10-25T18:42:02.710Z,37.3115,-121.672,8.38,5.06,mw,199,28,0.03815,0.1,nc,nc73799091,2022-12-07T02:12:13.529Z,"15km ESE of Alum Rock, CA",earthquake,0.08,0.18,,3,reviewed,nc,nc
2022-10-25T11:00:39.814Z,33.0002,-105.9296,5,3,mb_lg,28,93,1.164,0.26,us,us6000iwb8,2022-11-18T15:13:46.001Z,"2 km NNE of La Luz, New Mexico",earthquake,4.38,1.934,0.066,77,reviewed,us,us
2022-10-25T09:25:27.730Z,36.5876667,-81.0625,2.96,2.59,md,23,52,0.5667,0.2,se,se60413966,2022-12-05T14:23:22.040Z,Virginia-North Carolina border region,earthquake,0.42,1.88,0.038,18,reviewed,se,se
2022-10-25T04:46:36.251Z,31.61366151,-103.9955853,8.509558105,2.5,ml,22,72,0.023007034,0.1,tx,tx2022uwzw,2022-12-01T01:50:01.040Z,"38 km NNW of Toyah, Texas",earthquake,0.433209014,0.428493397,0.3,16,reviewed,tx,tx
2022-10-25T02:02:01.995Z,31.67492506,-104.3714882,7.622631836,2.6,ml,36,45,0.054918491,0.2,tx,tx2022uwul,2022-12-01T01:23:35.040Z,"55 km S of Whites City, New Mexico",earthquake,0.734270143,0.961982067,0.1,7,reviewed,tx,tx
2022-10-24T23:19:02.470Z,33.9898333,-116.9996667,15.02,2.66,ml,101,25,0.07009,0.19,ci,ci40365304,2022-11-12T06:17:57.040Z,"5km E of Calimesa, CA",earthquake,0.13,0.34,0.113,24,reviewed,ci,ci
2022-10-24T18:56:30.353Z,44.3233,-115.1565,10,3,ml,16,63,0.931,0.54,us,us6000iw52,2022-11-23T15:33:10.916Z,"21 km NW of Stanley, Idaho",earthquake,2.72,2.011,0.048,56,reviewed,us,us
2022-10-24T06:28:33.550Z,38.7943333,-122.779,3.35,2.52,md,67,53,0.007064,0.05,nc,nc73798496,2022-11-18T08:25:47.040Z,"3km NW of The Geysers, CA",earthquake,0.12,0.19,0.152,49,reviewed,nc,nc
2022-10-23T18:16:23.050Z,40.5781667,-124.14,28.35,4.1,mw,41,49,0.008112,0.13,nc,nc73798306,2022-12-02T19:38:18.835Z,"3km SSE of Fortuna, CA",earthquake,0.26,0.58,,3,reviewed,nc,nc
2022-10-23T15:37:34.202Z,32.78411865,-100.6872856,2.421020508,2.898075421,mlv,11,66,0.089332879,0.1,tx,tx2022uuei,2022-10-23T16:49:14.040Z,,earthquake,0.888807153,1.499121693,0.162296763,9,reviewed,tx,tx
2022-10-23T15:14:11.820Z,37.1215,-121.5215,6.31,2.65,md,90,30,0.06295,0.11,nc,nc73798266,2022-12-01T14:02:43.040Z,"9km ENE of San Martin, CA",earthquake,0.11,0.32,0.167,136,reviewed,nc,nc
2022-10-23T09:24:58.150Z,33.4806667,-116.4261667,5.79,3.27,ml,120,25,0.04262,0.19,ci,ci40364760,2022-12-02T06:10:49.040Z,"23km SSW of La Quinta, CA",earthquake,0.1,0.32,0.148,171,reviewed,ci,ci
2022-10-22T19:41:33.840Z,36.83533333,-97.87183333,7.18,2.93,ml,95,74,0,0.22,ok,ok2022usqw,2022-11-16T02:11:14.040Z,"6 km SE of Wakita, Oklahoma",earthquake,,0.6,0.2,34,reviewed,ok,ok
2022-10-22T14:32:42.450Z,39.3107,-114.5493,10,2.9,ml,10,58.18,0.355,0.3486,nn,nn00849783,2022-12-02T19:38:48.040Z,"22 km ESE of McGill, Nevada",earthquake,,0,0.59,5,reviewed,nn,nn
2022-10-22T11:29:09.951Z,39.6703,-116.7279,15.9,2.6,ml,5,285.29,0.907,0.2115,nn,nn00850566,2022-12-01T13:40:21.040Z,"35 km ENE of Austin, Nevada",earthquake,,6.2,0.03,2,reviewed,nn,nn
2022-10-22T09:30:14.356Z,39.6096,-116.9273,12.8,3.4,ml,15,93.62,0.8,0.1924,nn,nn00849777,2022-11-18T09:01:34.040Z,"17 km NE of Austin, Nevada",earthquake,,2.4,0.26,7,reviewed,nn,nn
2022-10-22T07:22:45.991Z,39.6995,-116.7163,9.8,2.8,ml,5,130.7,0.938,0.1969,nn,nn00849776,2022-11-10T07:48:40.040Z,"38 km NE of Austin, Nevada",earthquake,,3.3,0.08,2,reviewed,nn,nn
2022-10-22T06:25:20.380Z,37.8021667,-122.608,4.82,2.57,md,82,92,0.09855,0.07,nc,nc73797801,2022-11-10T07:09:30.040Z,"7km SSW of Muir Beach, CA",earthquake,0.16,0.43,0.154,76,reviewed,nc,nc
2022-10-22T01:29:57.340Z,40.5906667,-124.0748333,24.1,2.61,md,34,33,0.1233,0.12,nc,nc73797716,2022-11-30T23:55:10.040Z,"5km NNE of Hydesville, CA",earthquake,0.26,0.53,0.148,31,reviewed,nc,nc
2022-10-21T20:57:35.150Z,31.68212359,-104.3957777,7.416967773,3.1,ml,47,45,0.040367755,0.2,tx,tx2022uqxw,2022-11-16T23:08:05.040Z,western Texas,earthquake,0.748000386,0.770251192,0.2,27,reviewed,tx,tx
2022-10-21T19:57:58.254Z,31.67243422,-104.4016123,6.74855957,3.7,ml,69,45,0.030610567,0.2,tx,tx2022uqvy,2022-10-26T20:55:38.871Z,western Texas,earthquake,0.711487445,0.652042247,0.1,32,reviewed,tx,tx
2022-10-21T19:57:58.047Z,31.6826,-104.419,5,3.5,mwr,96,50,0.029,0.5,us,us6000ivlt,2022-11-17T15:02:01.427Z,"54 km S of Whites City, New Mexico",earthquake,0.92,1.262,0.08,15,reviewed,us,us
2022-10-21T19:21:14.830Z,31.66692993,-104.3999478,6.851391602,3.1,ml,17,70,0.029389455,0.2,tx,tx2022uqus,2022-11-16T20:45:53.040Z,"56 km S of Whites City, New Mexico",earthquake,1.253121004,1.051816863,0.2,25,reviewed,tx,tx
2022-10-21T18:54:22.400Z,38.8256667,-122.8228333,1.28,2.53,md,75,29,0.009862,0.05,nc,nc73797461,2022-11-24T22:50:34.040Z,"8km NW of The Geysers, CA",earthquake,0.08,0.13,0.18,50,reviewed,nc,nc
2022-10-21T18:50:26.600Z,38.8333333,-122.8171667,1.39,2.78,md,83,37,0.01137,0.05,nc,nc73797401,2022-11-16T20:23:25.040Z,"8km NW of The Geysers, CA",earthquake,0.08,0.15,0.187,70,reviewed,nc,nc
2022-10-20T20:02:47.270Z,37.3605,-121.7188333,6.42,2.52,md,76,29,0.04174,0.07,nc,nc73797066,2022-10-25T17:56:34.040Z,"10km E of Alum Rock, CA",earthquake,0.12,0.3,0.121,84,reviewed,nc,nc
2022-10-20T18:41:46.858Z,31.64865291,-104.223799,6.131567383,2.5,ml,18,59,0.041908797,0.2,tx,tx2022uoxw,2022-11-23T17:01:51.040Z,"55 km NW of Toyah, Texas",earthquake,1.049313311,1.332976846,0.2,25,reviewed,tx,tx
2022-10-20T15:46:16.512Z,38.0721,-118.8638,12.7,2.5,ml,22,105.79,0.166,0.0987,nn,nn00849678,2022-10-20T16:25:11.127Z,California-Nevada border region,earthquake,,0.8,0.31,9,reviewed,nn,nn
2022-10-20T15:46:16.400Z,38.0658333,-118.8585,10.77,2.63,md,31,99,0.1731,0.05,nc,nc73796981,2022-11-16T17:15:22.040Z,"21km SE of Bodie, CA",earthquake,0.34,1.42,0.238,48,reviewed,nc,nc
2022-10-20T15:07:11.570Z,40.1221667,-121.401,14.26,2.68,md,15,79,0.2325,0.1,nc,nc73796946,2022-11-24T23:03:20.040Z,"18km NW of Belden, CA",earthquake,0.3,1.44,0.188,44,reviewed,nc,nc
2022-10-20T15:00:07.107Z,31.6480198,-104.212762,7.648339844,2.9,ml,15,64,0.05033878,0.2,tx,tx2022uoqp,2022-11-16T15:06:34.040Z,"54 km NW of Toyah, Texas",earthquake,1.160850258,1.473957882,0.2,10,reviewed,tx,tx
2022-10-20T09:53:20.400Z,31.9225,-118.2288333,5.8,3.79,mw,16,255,1.088,0.3,ci,ci40363688,2022-11-30T18:57:56.040Z,"100km S of San Clemente Is. (SE tip), CA",earthquake,2,31.61,,4,reviewed,ci,ci
2022-10-20T07:55:16.770Z,40.3495,-123.5185,33.05,4.32,mw,52,35,0.02882,0.14,nc,nc73796766,2022-11-25T07:38:09.876Z,"36km NE of Redway, CA",earthquake,0.28,0.48,,4,reviewed,nc,nc
2022-10-20T06:54:20.088Z,31.64319288,-104.2129973,7.622631836,2.8,ml,16,65,0.052612556,0.2,tx,tx2022uoao,2022-11-16T12:11:51.040Z,western Texas,earthquake,1.285972566,1.458076418,0.2,13,reviewed,tx,tx
2022-10-20T04:15:59.798Z,31.66128988,-104.2241581,8.008251953,3.367831862,mlv,24,52,0.03623727,0.1,tx,tx2022unvi,2022-11-23T23:12:35.310Z,"56 km NW of Toyah, Texas",earthquake,0.813814524,0.832880389,0.134607562,19,reviewed,tx,tx
2022-10-20T00:02:34.810Z,38.816,-122.8108333,1.68,3.22,ml,88,20,0.007408,0.06,nc,nc73796026,2022-11-17T04:20:40.040Z,"6km NW of The Geysers, CA",earthquake,0.09,0.12,0.15,81,reviewed,nc,nc
2022-10-20T00:00:10.180Z,38.8233333,-122.8098333,1.72,2.55,md,35,37,0.01909,0.03,nc,nc71129239,2022-10-21T00:06:15.563Z,"7km NW of The Geysers, CA",earthquake,0.13,0.27,0.278,3,reviewed,nc,nc
2022-10-19T23:59:50.050Z,38.8176667,-122.8078333,2.43,3.27,ml,90,19,0.005982,0.05,nc,nc73795956,2022-11-23T23:14:46.040Z,"6km NW of The Geysers, CA",earthquake,0.09,0.14,0.127,11,reviewed,nc,nc
2022-10-19T23:59:04.760Z,38.8121667,-122.8151667,3.26,3.33,ml,89,26,0.01143,0.05,nc,nc73795966,2022-11-23T23:29:40.040Z,"6km NW of The Geysers, CA",earthquake,0.09,0.14,0.137,87,reviewed,nc,nc
2022-10-19T22:25:04.810Z,38.1958333,-112.2805,5.76,2.51,ml,23,52,0.1718,0.19,uu,uu60521187,2022-11-11T04:01:05.040Z,"2 km NNW of Circleville, Utah",earthquake,0.36,1.1,0.136,18,reviewed,uu,uu
2022-10-19T21:24:22.660Z,31.60955928,-104.2722054,7.288427734,2.9,ml,14,79,0.062457646,0.1,tx,tx2022unhu,2022-11-17T03:54:12.040Z,"56 km NW of Toyah, Texas",earthquake,1.233605564,1.855925403,0.2,11,reviewed,tx,tx
2022-10-19T20:59:32.730Z,40.3865,-124.2983333,26.46,2.67,md,32,142,0.06534,0.11,nc,nc73795876,2022-10-24T16:00:11.040Z,"7km N of Petrolia, CA",earthquake,0.3,0.48,0.122,56,reviewed,nc,nc
2022-10-19T12:35:59.548Z,31.6103947,-103.9758004,8.882324219,2.5,ml,14,70,0.100887218,0.2,tx,tx2022umqi,2022-10-28T12:52:07.040Z,"37 km NNW of Toyah, Texas",earthquake,1.04005631,1.792650114,0.2,11,reviewed,tx,tx
2022-10-19T02:54:37.567Z,31.64591099,-104.3809226,6.28581543,2.8,ml,20,71,0.044780861,0.2,tx,tx2022ulxd,2022-11-11T02:28:59.040Z,,earthquake,1.087628636,1.35260242,0.1,14,reviewed,tx,tx
2022-10-19T00:34:48.710Z,36.2746667,-89.4768333,7.65,2.51,md,56,41,0.0258,0.1,nm,nm60412871,2022-10-24T05:28:48.040Z,"1 km NE of Ridgely, Tennessee",earthquake,0.15,0.29,0.144,47,reviewed,nm,nm
2022-10-18T21:41:15.029Z,35.9405,-97.89,6.42,2.59,ml,100,33,0,0.17,ok,ok2022ulmv,2022-10-25T04:55:42.040Z,"4 km SSE of Dover, Oklahoma",earthquake,,0.3,0.24,41,reviewed,ok,ok
2022-10-18T11:05:47.380Z,36.1438333,-121.605,11.15,2.65,md,61,159,0.04727,0.13,nc,nc73795221,2022-10-21T15:13:10.040Z,"14km NNW of Lopez Point, CA",earthquake,0.23,0.42,0.18,115,reviewed,nc,nc
2022-10-17T21:56:47.280Z,38.7928333,-122.7543333,0.76,2.55,md,59,44,0.008843,0.04,nc,nc73795046,2022-11-14T01:06:01.040Z,"2km N of The Geysers, CA",earthquake,0.11,0.18,0.117,31,reviewed,nc,nc
2022-10-17T20:16:56.160Z,39.6415,-107.4845,4.677,2.9,ml,20,55,0.263,0.17,us,us6000iuec,2022-10-22T20:03:02.040Z,"8 km NNW of Chacra, Colorado",earthquake,2.03,4.88,0.042,76,reviewed,us,us
2022-10-17T16:49:04.422Z,44.3322,-115.1751,10,3.4,mwr,21,145,0.946,0.48,us,us6000iud0,2022-11-23T16:34:23.040Z,southern Idaho,earthquake,5.27,2.012,,20,reviewed,us,slm
2022-10-17T05:25:28.830Z,33.4506667,-116.888,12.71,2.56,ml,122,21,0.0367,0.21,ci,ci40362256,2022-10-18T08:38:33.040Z,"2km WNW of Aguanga, CA",earthquake,0.11,0.37,0.184,170,reviewed,ci,ci
2022-10-17T01:04:35.620Z,44.7143,-114.4203,10,2.6,ml,14,85,1.125,0.55,us,us6000iu7d,2022-10-24T21:12:06.184Z,southern Idaho,earthquake,2.33,1.893,0.049,54,reviewed,us,us
2022-10-16T20:10:26.310Z,37.5195,-118.8795,5.76,2.83,md,34,57,0.081,0.05,nc,nc73794591,2022-11-25T19:39:37.040Z,"16km SE of Mammoth Lakes, CA",earthquake,0.23,0.76,0.148,42,reviewed,nc,nc
2022-10-16T17:44:36.730Z,31.64293987,-104.2175697,6.260107422,2.5,ml,9,85,0.049524905,0.2,tx,tx2022uhoa,2022-11-12T20:12:28.040Z,"54 km NW of Toyah, Texas",earthquake,1.586248263,1.852519588,0.1,12,reviewed,tx,tx
2022-10-16T10:00:05.340Z,31.5256667,-115.78,17.2,2.59,ml,11,162,0.1339,0.13,ci,ci40361912,2022-10-18T16:41:25.040Z,"78km ESE of Maneadero, B.C., MX",earthquake,0.63,0.82,0.124,39,reviewed,ci,ci
2022-10-16T02:48:44.748Z,32.00028938,-103.8287224,7.725463867,3.3,ml,35,27,0.023075658,0.2,tx,tx2022ugkl,2022-11-11T01:36:29.040Z,"33 km SE of Malaga, New Mexico",earthquake,0.605091529,0.736932698,0.2,15,reviewed,tx,tx
2022-10-15T19:09:22.734Z,31.68204991,-104.4070829,6.234399414,2.5,ml,11,95,0.033509124,0.1,tx,tx2022ufvh,2022-11-23T23:48:28.040Z,"54 km S of Whites City, New Mexico",earthquake,1.215873261,1.083590017,0.1,9,reviewed,tx,tx
2022-10-15T17:30:41.780Z,38.765,-122.7143333,1.69,3.14,ml,91,23,0.008906,0.06,nc,nc73793981,2022-11-11T19:27:24.040Z,"2km WSW of Anderson Springs, CA",earthquake,0.11,0.15,0.126,56,reviewed,nc,nc
2022-10-15T16:52:03.834Z,38.1836,-117.8566,7.5,2.9,ml,21,86.13,0.092,0.1459,nn,nn00849345,2022-11-25T19:48:44.040Z,"31 km SE of Mina, Nevada",earthquake,,2,0.52,6,reviewed,nn,nn
2022-10-15T03:46:49.929Z,31.60720673,-103.9666414,8.625244141,2.9,ml,18,51,0.103974438,0.2,tx,tx2022ueqw,2022-11-11T01:15:26.040Z,,earthquake,0.717574595,1.23101105,0.2,9,reviewed,tx,tx
2022-10-15T03:27:45.212Z,38.1533,-117.9446,9.8,3.1,ml,25,52.25,0.019,0.1303,nn,nn00849318,2022-11-11T01:12:31.040Z,"29 km SSE of Mina, Nevada",earthquake,,0.6,0.24,8,reviewed,nn,nn
2022-10-15T03:24:34.094Z,31.66941712,-104.4061606,6.671435547,2.5,ml,12,87,0.025724809,0.3,tx,tx2022ueqd,2022-11-29T21:57:17.040Z,"56 km S of Whites City, New Mexico",earthquake,1.234521058,1.049459532,0.1,18,reviewed,tx,tx
2022-10-15T01:47:51.783Z,47.2691,-114.1547,10,3.2,ml,26,63,0.464,0.62,us,us6000itul,2022-10-21T21:26:13.760Z,"2 km ESE of Ravalli, Montana",earthquake,2.05,2.011,0.041,80,reviewed,us,us
2022-10-15T00:43:46.923Z,31.60605861,-103.9663674,8.856616211,2.7,ml,25,66,0.005105299,0.1,tx,tx2022uekv,2022-11-25T01:27:19.040Z,"36 km NNW of Toyah, Texas",earthquake,0.76649363,0.755008585,0.2,18,reviewed,tx,tx
2022-10-15T00:23:45.945Z,31.68068884,-104.4043787,6.542895508,2.9,ml,74,45,0.034022063,0.3,tx,tx2022ueke,2022-11-25T01:24:05.040Z,western Texas,earthquake,0.647817999,0.851304436,0.2,37,reviewed,tx,tx
2022-10-14T21:38:56.637Z,39.353,-119.9641,7.3,2.8,ml,33,42.96,0.073,0.1376,nn,nn00849284,2022-10-15T22:54:27.040Z,"6 km SE of Floriston, California",earthquake,,0.8,0.3,10,reviewed,nn,nn
2022-10-14T17:24:22.310Z,35.0453333,-118.9916667,13.1,2.72,ml,59,46,0.07674,0.26,ci,ci40360984,2022-11-09T20:01:12.040Z,"13km NNW of Grapevine, CA",earthquake,0.25,0.7,0.139,25,reviewed,ci,ci
2022-10-14T17:03:47.836Z,32.26593018,-101.9177544,8.681437174,2.9,ml,29,46,0.029926217,0.2,tx,tx2022udvq,2022-11-09T19:54:59.040Z,"19 km NW of Stanton, Texas",earthquake,0.797693138,1.1157775,0.1,14,reviewed,tx,tx
2022-10-14T14:54:51.429Z,35.95033333,-97.874,7.32,2.74,ml,100,42,0,0.18,ok,ok2022udrk,2022-11-18T05:31:32.040Z,"4 km SE of Dover, Oklahoma",earthquake,,0.4,0.2,35,reviewed,ok,ok
2022-10-14T14:32:51.958Z,32.00364424,-103.8175224,8.535266113,3.4,ml,73,21,0.014499188,0.3,tx,tx2022udqr,2022-11-18T05:34:27.040Z,"34 km SE of Malaga, New Mexico",earthquake,0.34604821,0.357437969,0.1,33,reviewed,tx,tx
2022-10-13T17:21:45.060Z,36.98083333,-97.49333333,6.18,2.67,ml,91,73,0,0.3,ok,ok2022ucat,2022-10-21T17:33:21.040Z,"8 km WSW of Hunnewell, Kansas",earthquake,,0.6,0.22,37,reviewed,ok,ok
2022-10-13T14:55:16.519Z,35.95316667,-97.87283333,5.7,2.61,ml,61,51,0.093581636,0.39,ok,ok2022ubvy,2022-11-19T15:45:03.040Z,"4 km SE of Dover, Oklahoma",earthquake,,1,0.24,29,reviewed,ok,ok
2022-10-13T11:11:03.030Z,44.7846667,-110.8053333,11.68,2.85,ml,33,58,0.09288,0.2,uu,uu60520327,2022-10-20T10:54:03.040Z,"22 km SSW of Mammoth, Wyoming",earthquake,0.37,0.52,0.266,8,reviewed,uu,uu
2022-10-13T09:14:44.420Z,31.8176667,-116.0706667,18.12,2.57,ml,15,126,0.2138,0.14,ci,ci40360296,2022-11-23T14:46:30.040Z,"48km ENE of Maneadero, B.C., MX",earthquake,0.33,0.56,0.138,25,reviewed,ci,ci
2022-10-12T22:22:16.199Z,35.94266667,-97.88483333,6.6,3.15,ml,94,33,0,0.16,ok,ok2022uapd,2022-11-05T01:42:37.228Z,"4 km SSE of Dover, Oklahoma",earthquake,,0.3,0.26,38,reviewed,ok,ok
2022-10-12T21:35:48.539Z,31.55597654,-104.1427634,7.596923828,2.8,ml,17,64,0.078618444,0.2,tx,tx2022uanq,2022-11-04T23:18:13.040Z,"42 km NW of Toyah, Texas",earthquake,1.098305626,1.427618024,0.2,15,reviewed,tx,tx
2022-10-12T19:42:55.620Z,39.0688333,-123.0976667,5.41,2.73,md,66,51,0.148,0.14,nc,nc73792771,2022-11-21T17:21:30.040Z,"9km SE of Talmage, CA",earthquake,0.15,0.81,0.201,65,reviewed,nc,nc
2022-10-12T12:54:07.000Z,35.0486667,-118.9958333,12.27,3.67,mw,81,19,0.07285,0.27,ci,ci40359712,2022-11-17T06:25:55.244Z,"13km NNW of Grapevine, CA",earthquake,0.19,0.64,,4,reviewed,ci,ci
2022-10-12T03:37:17.775Z,31.65225681,-104.2378177,7.57121582,2.9,ml,52,65,0.030142453,0.2,tx,tx2022tzea,2022-11-17T01:05:15.040Z,"56 km NW of Toyah, Texas",earthquake,0.633052029,0.749484986,0,7,reviewed,tx,tx
2022-10-12T01:21:33.040Z,33.8378333,-118.2661667,10.75,2.52,ml,69,61,0.02981,0.26,ci,ci40359472,2022-11-10T01:32:59.040Z,"2km ENE of Carson, CA",earthquake,0.24,0.39,0.197,26,reviewed,ci,ci
2022-10-12T00:28:36.750Z,38.5498333,-119.4411667,7.27,3.54,ml,30,50,0.04552,0.07,nc,nc73792396,2022-11-17T02:13:28.040Z,"5km NE of Walker, CA",earthquake,0.16,0.29,0.259,32,reviewed,nc,nc
2022-10-11T17:23:18.360Z,40.3751667,-124.5743333,24.87,2.64,md,38,239,0.1972,0.17,nc,nc73792286,2022-11-17T20:15:28.040Z,"25km WNW of Petrolia, CA",earthquake,0.66,0.84,0.157,44,reviewed,nc,nc
2022-10-11T16:52:52.388Z,29.2666626,-97.44175092,3.839396159,2.7,ml,17,55,0.023409137,0.2,tx,tx2022tyiu,2022-10-11T18:08:52.040Z,"18 km E of Smiley, Texas",earthquake,1.851458015,1.706590257,0.1,6,reviewed,tx,tx
2022-10-11T14:02:44.920Z,40.3725,-124.5798333,24.08,2.64,md,35,255,0.1999,0.15,nc,nc73792191,2022-10-17T20:11:22.040Z,"26km WNW of Petrolia, CA",earthquake,0.76,0.65,0.262,51,reviewed,nc,nc
2022-10-11T13:36:16.340Z,31.4663333,-114.3305,5.97,3.22,mlr,7,145,0.6055,0.1,ci,ci40359128,2022-10-12T20:03:02.273Z,"103km SE of Estacion Coahuila, B.C., MX",earthquake,0.23,31.61,0.185,28,reviewed,ci,ci
2022-10-11T06:47:42.690Z,40.4825,-121.619,16.83,2.75,md,18,64,0.01637,0.32,nc,nc73792071,2022-10-23T15:22:16.040Z,"6km SE of Viola, CA",earthquake,0.71,0.77,0.364,14,reviewed,nc,nc
2022-10-11T06:19:04.647Z,31.5389,-114.3548,10,3.8,ml,36,126,0.535,0.66,us,us6000isn0,2022-11-18T05:46:30.639Z,"21 km SE of Golfo de Santa Clara, Mexico",earthquake,2.06,1.986,0.05,52,reviewed,us,us
2022-10-11T06:12:54.230Z,31.4701667,-114.3495,5.97,3.54,mlr,8,144,0.5931,0.21,ci,ci40359000,2022-10-12T18:58:42.611Z,"101km SE of Estacion Coahuila, B.C., MX",earthquake,0.33,31.61,0.141,34,reviewed,ci,ci
2022-10-10T22:35:23.589Z,39.3511,-119.9712,7.2,2.8,ml,45,29.26,0.077,0.1586,nn,nn00848972,2022-10-23T23:31:50.040Z,"6 km SE of Floriston, California",earthquake,,0.7,0.3,14,reviewed,nn,nn
2022-10-10T17:44:08.357Z,30.472,-103.665,5,2.9,ml,20,105,0.1,0.89,us,us6000isj0,2022-11-09T22:11:13.040Z,"12 km N of Alpine, Texas",earthquake,2.55,1.944,0.081,42,reviewed,us,us
2022-10-10T11:00:41.600Z,31.66574382,-104.3697934,7.519799805,3,ml,54,49,0.053917637,0.2,tx,tx2022twbq,2022-10-25T05:27:40.040Z,"56 km S of Whites City, New Mexico",earthquake,0.840464913,1.092493992,0.2,24,reviewed,tx,tx
2022-10-10T10:12:44.470Z,35.6735,-117.5615,7.9,2.88,ml,41,58,0.08529,0.13,ci,ci40358456,2022-11-10T06:36:35.040Z,"12km ENE of Ridgecrest, CA",earthquake,0.14,0.53,0.087,25,reviewed,ci,ci
2022-10-09T21:48:50.155Z,31.6719487,-104.2722782,2.031140137,2.6,ml,25,49,0.006299652,0.2,tx,tx2022tvbo,2022-10-10T17:54:32.075Z,"56 km S of Whites City, New Mexico",earthquake,0.663310203,0.661411687,0.1,13,reviewed,tx,tx
2022-10-09T21:48:21.120Z,35.6578333,-117.4841667,4.94,3.01,ml,41,47,0.07339,0.14,ci,ci40358328,2022-11-16T23:49:00.040Z,"14km SSW of Searles Valley, CA",earthquake,0.16,0.42,0.133,210,reviewed,ci,ci
2022-10-09T17:31:09.660Z,35.9038333,-84.155,8.07,2.51,md,30,38,0.1552,0.21,se,se60410946,2022-10-24T10:11:49.277Z,"2 km N of Farragut, Tennessee",earthquake,0.3,0.83,0.094,27,reviewed,se,se
2022-10-09T17:21:35.839Z,31.61075916,-104.3798065,6.157275391,2.6,ml,21,64,0.176728478,0.2,tx,tx2022tust,2022-10-10T05:42:58.376Z,"62 km S of Whites City, New Mexico",earthquake,1.331378266,2.315501002,0.2,25,reviewed,tx,tx
2022-10-09T08:56:18.256Z,31.67521613,-104.3978691,7.159887695,2.5,ml,22,45,0.034800809,0.2,tx,tx2022tucb,2022-11-17T12:42:32.040Z,"55 km S of Whites City, New Mexico",earthquake,0.942707137,1.054724369,0.1,12,reviewed,tx,tx
2022-10-09T08:23:11.583Z,31.64190362,-104.2401641,7.596923828,2.6,ml,25,66,0.114848525,0.2,tx,tx2022tuaz,2022-11-03T12:26:22.040Z,"55 km NW of Toyah, Texas",earthquake,1.1658687,1.830676016,0.2,27,reviewed,tx,tx
2022-10-09T06:59:20.419Z,31.62485567,-104.3672863,7.93112793,2.5,ml,52,73,0.063515251,0.2,tx,tx2022ttyf,2022-11-04T13:10:10.040Z,western Texas,earthquake,0.700517668,1.025578991,0,7,reviewed,tx,tx
2022-10-09T06:44:48.880Z,41.8303333,-124.566,18.99,2.59,md,24,230,0.2853,0.12,nc,nc73791271,2022-11-17T12:33:03.040Z,"31km WNW of Crescent City, CA",earthquake,0.55,0.82,0.192,19,reviewed,nc,nc
2022-10-09T03:24:38.728Z,31.6546837,-104.298115,7.57121582,3,ml,38,57,0.033001456,0.2,tx,tx2022ttrc,2022-11-03T23:48:48.040Z,"58 km S of Whites City, New Mexico",earthquake,0.872735078,0.901213336,0.1,19,reviewed,tx,tx
2022-10-08T17:17:28.135Z,31.60772098,-104.2721914,7.288427734,2.5,ml,29,71,0.16851519,0.2,tx,tx2022tsxc,2022-11-17T20:24:07.040Z,"55 km NW of Toyah, Texas",earthquake,0.951003491,1.9101067,0.2,25,reviewed,tx,tx
2022-10-08T11:11:54.560Z,35.93616667,-97.89883333,5.66,2.7,ml,100,45,0,0.16,ok,ok2022tsla,2022-11-03T05:35:35.013Z,Oklahoma,earthquake,,0.3,0.2,35,reviewed,ok,ok
2022-10-08T07:58:32.138Z,31.53961864,-104.1520685,7.725463867,2.7,ml,33,64,0.163533658,0.3,tx,tx2022tseq,2022-10-26T06:52:16.040Z,"42 km NW of Toyah, Texas",earthquake,0.955712628,1.545752933,0.2,23,reviewed,tx,tx
2022-10-07T23:40:03.459Z,35.94366667,-97.88416667,6.34,3.14,ml,100,33,0,0.16,ok,ok2022trof,2022-11-11T05:47:31.040Z,"4 km SSE of Dover, Oklahoma",earthquake,,0.3,0.22,36,reviewed,ok,ok
2022-10-07T23:27:45.850Z,37.663,-122.4965,5.41,2.56,md,81,92,0.019,0.08,nc,nc73790646,2022-12-04T21:23:32.040Z,"4km WSW of Colma, CA",earthquake,0.16,0.2,0.122,76,reviewed,nc,nc
2022-10-07T22:45:05.470Z,33.0413333,-116.3546667,11.79,3.47,mlr,117,21,0.07879,0.21,ci,ci40357392,2022-11-12T02:02:23.959Z,"23km E of Julian, CA",earthquake,0.12,0.54,0.128,241,reviewed,ci,ci
2022-10-07T18:21:53.780Z,35.94133333,-97.89133333,6.23,3.21,ml,99,33,0,0.19,ok,ok2022trds,2022-11-03T13:33:47.783Z,"4 km SSE of Dover, Oklahoma",earthquake,,0.4,0.2,38,reviewed,ok,ok
2022-10-07T12:52:36.010Z,44.54033333,-122.5508333,13.17,4.39,ml,41,47,0.1347,0.27,uw,uw61886506,2022-11-27T05:05:41.529Z,"16 km ESE of Lacomb, Oregon",earthquake,0.38,1.63,0.170838062,32,reviewed,uw,uw
2022-10-06T23:12:08.750Z,35.94133333,-97.89,6.3,3.42,ml,100,33,0,0.16,ok,ok2022tpru,2022-12-04T21:41:03.040Z,"4 km SSE of Dover, Oklahoma",earthquake,,0.3,0.2,29,reviewed,ok,ok
2022-10-06T20:51:36.410Z,31.73369112,-104.0974151,7.738317871,2.7,ml,51,49,0.033841936,0.2,tx,tx2022tpne,2022-11-02T19:15:40.040Z,,earthquake,0.429750308,0.729580786,0,7,reviewed,tx,tx
2022-10-06T20:47:07.929Z,31.73564266,-104.0978304,7.159887695,3.2,ml,65,48,0.034907713,0.2,tx,tx2022tpmz,2022-11-03T13:28:34.040Z,"47 km W of Mentone, Texas",earthquake,0.469728295,0.629810465,0.2,31,reviewed,tx,tx
2022-10-06T20:29:35.129Z,31.73468275,-104.1075209,7.674047852,2.9,ml,45,48,0.042297269,0.2,tx,tx2022tpmk,2022-11-02T19:10:41.040Z,"48 km W of Mentone, Texas",earthquake,0.403035544,0.747140683,0,6,reviewed,tx,tx
2022-10-06T16:14:52.000Z,35.9455,-97.8955,4.03,2.71,ml,89,33,0,0.43,ok,ok2022tpea,2022-10-07T15:16:16.040Z,"4 km SSE of Dover, Oklahoma",earthquake,,0.7,0.23,37,reviewed,ok,ok
2022-10-06T15:53:46.640Z,31.621,-116.0356667,4.8,2.77,ml,15,187,0.314,0.1,ci,ci40356672,2022-11-10T14:55:31.040Z,"51km ESE of Maneadero, B.C., MX",earthquake,0.38,31.61,0.144,68,reviewed,ci,ci
2022-10-06T14:02:59.710Z,35.94183333,-97.8895,6.26,2.88,ml,100,36,0,0.18,ok,ok2022tozr,2022-10-30T17:17:10.040Z,"4 km SSE of Dover, Oklahoma",earthquake,,0.4,0.23,38,reviewed,ok,ok
2022-10-06T12:11:08.400Z,33.2083333,-115.5425,6.99,2.79,ml,52,95,0.06862,0.22,ci,ci40356608,2022-11-18T13:11:27.040Z,"4km SSW of Niland, CA",earthquake,0.27,0.55,0.186,27,reviewed,ci,ci
2022-10-06T12:03:35.730Z,33.2041667,-115.5441667,5.8,2.84,ml,49,95,0.06558,0.23,ci,ci40356576,2022-11-18T07:32:54.040Z,"5km SSW of Niland, CA",earthquake,0.31,0.55,0.163,27,reviewed,ci,ci
2022-10-06T11:13:42.100Z,35.9415,-97.891,5.52,2.78,ml,97,33,0,0.16,ok,ok2022toub,2022-11-03T10:58:28.337Z,"4 km SSE of Dover, Oklahoma",earthquake,,0.3,0.21,34,reviewed,ok,ok
2022-10-06T07:58:58.610Z,31.6836667,-115.152,5.84,2.61,ml,15,107,0.4422,0.2,ci,ci40356504,2022-11-13T12:32:37.040Z,"58km SSW of Estacion Coahuila, B.C., MX",earthquake,0.3,31.61,0.206,49,reviewed,ci,ci
2022-10-06T06:54:37.419Z,37.8699,-117.4765,0.3,2.9,ml,19,106.78,0.276,0.1738,nn,nn00848686,2022-11-02T08:26:30.040Z,"18 km NE of Silver Peak, Nevada",earthquake,,2.4,0.59,11,reviewed,nn,nn
2022-10-06T05:29:53.930Z,34.0243333,-117.2246667,11.33,2.54,ml,98,17,0.09389,0.15,ci,ci40356424,2022-11-02T06:59:09.040Z,"4km SE of Loma Linda, CA",earthquake,0.11,0.2,0.212,24,reviewed,ci,ci
2022-10-06T00:24:43.130Z,35.94016667,-97.89166667,5.47,3.19,ml,100,44,0,0.17,ok,ok2022tnyr,2022-11-02T01:21:54.709Z,"4 km SSE of Dover, Oklahoma",earthquake,,0.3,0.24,35,reviewed,ok,ok
2022-10-05T14:25:15.518Z,44.7014,-114.4027,10,2.6,ml,23,64,0.811,0.33,us,us6000ir2b,2022-10-10T09:46:53.040Z,"25 km NNW of Challis, Idaho",earthquake,2.99,1.989,0.051,50,reviewed,us,us
2022-10-05T11:25:00.460Z,39.6975,-114.244,13.19,2.6,ml,13,138,0.7009,0.35,uu,uu60519342,2022-10-20T04:34:56.040Z,"56 km NE of McGill, Nevada",earthquake,1.25,5.23,0.148,16,reviewed,uu,uu
2022-10-05T10:14:41.656Z,37.2028,-115.0807,9.8,2.5,ml,36,89.78,0.205,0.1913,nn,nn00848597,2022-10-19T12:57:41.040Z,"19 km SSE of Alamo, Nevada",earthquake,,3.3,0.25,21,reviewed,nn,nn
2022-10-05T04:52:06.515Z,28.50402832,-98.17486213,6.602783203,2.6,ml,20,88,0.023859447,0.3,tx,tx2022tmlz,2022-10-05T22:45:25.040Z,"4 km N of Three Rivers, Texas",earthquake,2.738894671,1.776819747,0.1,11,reviewed,tx,tx
2022-10-05T04:51:30.350Z,37.3278333,-120.0411667,19.55,3.01,ml,90,43,0.1424,0.18,nc,nc73789551,2022-11-10T01:00:53.040Z,"19km SSW of Mariposa, CA",earthquake,0.19,0.15,0.144,57,reviewed,nc,nc
2022-10-05T02:14:06.810Z,44.5963333,-110.6826667,7.56,2.51,ml,23,50,0.02961,0.2,uu,uu60519237,2022-11-10T00:06:05.040Z,"34 km ESE of West Yellowstone, Montana",earthquake,0.35,0.7,0.268,6,reviewed,uu,uu
2022-10-04T23:59:05.982Z,44.2065,-115.0782,10,3.1,ml,20,70,0.803,0.75,us,us6000iqwy,2022-10-17T23:01:23.040Z,"11 km W of Stanley, Idaho",earthquake,1.9,2.011,0.035,110,reviewed,us,us
2022-10-04T16:38:33.910Z,32.3381667,-115.2443333,2.83,3.57,ml,26,218,0.09598,0.35,ci,ci40355512,2022-11-13T16:07:02.173Z,"5km WSW of Delta, B.C., MX",earthquake,0.83,0.92,0.186,39,reviewed,ci,ci
2022-10-03T20:44:03.857Z,31.73795177,-104.0951503,7.725463867,2.9,ml,47,48,0.033876167,0.2,tx,tx2022tkaj,2022-11-02T18:50:33.040Z,"47 km W of Mentone, Texas",earthquake,0.551948359,0.694212162,0.1,7,reviewed,tx,tx
2022-10-03T18:48:49.329Z,35.9395,-97.89266667,6.37,2.8,ml,95,33,0,0.18,ok,ok2022tjwp,2022-11-02T18:30:16.631Z,"4 km SSE of Dover, Oklahoma",earthquake,,0.4,0.23,35,reviewed,ok,ok
2022-10-03T16:08:09.970Z,33.9246667,-116.9215,7.62,3.01,ml,114,20,0.04923,0.17,ci,ci40355088,2022-10-07T22:08:48.289Z,"4km W of Banning, CA",earthquake,0.1,0.38,0.148,154,reviewed,ci,ci
2022-10-03T15:24:31.035Z,40.8273,-117.0879,7.9,3.1,ml,9,110.67,0.552,0.1788,nn,nn00848420,2022-10-03T15:58:44.040Z,,earthquake,,2.6,0.06,7,reviewed,nn,nn
2022-10-03T14:21:01.384Z,31.67691285,-104.4194181,7.159887695,2.8,ml,38,56,0.023369018,0.2,tx,tx2022tjnt,2022-10-09T21:07:41.040Z,"55 km S of Whites City, New Mexico",earthquake,0.804299732,0.848034739,0,7,reviewed,tx,tx
2022-10-03T10:17:57.898Z,31.67862959,-104.4030142,7.905419922,2.5,ml,15,60,0.033418064,0.1,tx,tx2022tjft,2022-11-17T14:59:04.040Z,western Texas,earthquake,1.529028664,1.540632471,0.1,11,reviewed,tx,tx
2022-10-03T08:24:33.660Z,33.8696667,-117.7646667,4.27,3.08,ml,142,19,0.04589,0.25,ci,ci40354936,2022-10-30T05:02:51.003Z,"5km ESE of Yorba Linda, CA",earthquake,0.12,0.38,0.178,196,reviewed,ci,ci
2022-10-03T06:16:26.150Z,32.9686667,-115.8898333,11.76,2.71,ml,65,27,0.05681,0.24,ci,ci40354880,2022-10-04T10:22:27.040Z,"26km WSW of Westmorland, CA",earthquake,0.21,0.49,0.168,26,reviewed,ci,ci
2022-10-03T06:07:54.663Z,31.59933663,-103.9843573,7.442675781,2.8,ml,17,52,0.138612353,0.2,tx,tx2022tixn,2022-11-02T15:54:45.040Z,"36 km NNW of Toyah, Texas",earthquake,0.949790191,2.122219758,0.2,9,reviewed,tx,tx
2022-10-03T01:43:37.300Z,32.46276855,-102.0410156,9.048258464,3.3,ml,20,59,0.223991961,0.1,tx,tx2022tiot,2022-10-31T00:04:04.040Z,"30 km SSW of Los Ybanez, Texas",earthquake,1.617651118,3.814218667,0.2,15,reviewed,tx,tx
2022-10-03T00:09:02.676Z,37.0707,-97.7981,5,2.5,mb_lg,36,68,0.088,0.41,us,us6000iqb4,2022-10-09T00:18:05.700Z,"6 km E of Bluff City, Kansas",earthquake,0.79,1.743,0.084,37,reviewed,us,us
2022-10-02T21:08:32.280Z,35.94033333,-97.89583333,6.46,2.6,ml,99,33,0.076484991,0.22,ok,ok2022tifr,2022-12-04T20:59:05.040Z,"4 km SSE of Dover, Oklahoma",earthquake,,0.4,0.21,33,reviewed,ok,ok
2022-10-02T14:05:17.859Z,35.93916667,-97.8935,6.42,2.57,ml,99,33,0,0.18,ok,ok2022thrs,2022-11-13T15:08:32.040Z,"4 km SSE of Dover, Oklahoma",earthquake,,0.4,0.21,37,reviewed,ok,ok
2022-10-02T11:18:59.909Z,35.94183333,-97.89383333,6.48,2.52,ml,101,48,0,0.2,ok,ok2022thmg,2022-10-23T05:18:08.040Z,"4 km SSE of Dover, Oklahoma",earthquake,,0.4,0.21,32,reviewed,ok,ok
2022-10-01T20:39:18.440Z,44.7488333,-111.1135,13.58,2.77,ml,24,62,0.04759,0.14,uu,uu60518737,2022-10-28T03:55:12.040Z,,earthquake,0.36,0.61,0.299,8,reviewed,uu,uu
2022-10-01T12:49:21.595Z,31.68716188,-104.1974227,7.802587891,2.9,ml,32,48,0.059595172,0.2,tx,tx2022tfts,2022-10-29T06:33:08.040Z,western Texas,earthquake,0.680798402,0.801752636,0.1,16,reviewed,tx,tx
2022-10-01T12:30:27.140Z,36.69933333,-97.6685,7,2.76,ml,98,51,0,0.19,ok,ok2022tftc,2022-10-28T12:01:33.040Z,Oklahoma,earthquake,,0.5,0.24,32,reviewed,ok,ok
2022-10-01T02:18:39.690Z,44.2125,-115.0913,10,2.5,ml,10,92,0.814,0.7,us,us6000ipvn,2022-10-28T21:22:47.040Z,"12 km W of Stanley, Idaho",earthquake,1.42,2.012,0.057,40,reviewed,us,us
2022-10-01T02:02:33.450Z,48.06783333,-124.613,40.7,2.95,ml,29,181,0.1521,0.33,uw,uw61876107,2022-11-08T16:49:18.753Z,"25 km WNW of Forks, Washington",earthquake,1,0.72,0.204383631,24,reviewed,uw,uw
2022-09-30T11:50:11.750Z,33.4803333,-116.5131667,9.3,3.41,ml,131,20,0.07577,0.18,ci,ci40353408,2022-12-03T22:02:48.040Z,"17km ESE of Anza, CA",earthquake,0.09,0.21,0.148,285,reviewed,ci,ci
2022-09-30T09:05:52.045Z,31.69072462,-104.4825414,5.46315918,3.2,ml,33,56,0.027067421,0.2,tx,tx2022tdqv,2022-12-03T22:02:46.040Z,"54 km S of Whites City, New Mexico",earthquake,1.026096831,0.761676239,0.1,15,reviewed,tx,tx
2022-09-30T08:04:05.842Z,32.38494873,-101.098871,7.898885091,2.8,ml,15,75,0.229139152,0.1,tx,tx2022tdou,2022-12-03T22:02:46.040Z,"8 km WNW of Westbrook, Texas",earthquake,1.135163996,3.106749912,0.1,13,reviewed,tx,tx
2022-09-30T06:09:44.027Z,31.67704136,-104.4999022,7.391259766,2.9,ml,26,67,0.008488132,0.2,tx,tx2022tdla,2022-12-03T22:02:44.040Z,"56 km SSW of Whites City, New Mexico",earthquake,1.129149196,0.777915753,0,6,reviewed,tx,tx
2022-09-30T06:07:26.170Z,34.0613333,-116.9548333,13.24,2.53,ml,114,20,0.01718,0.17,ci,ci40353312,2022-12-03T22:02:44.040Z,"9km ENE of Yucaipa, CA",earthquake,0.12,0.24,0.203,29,reviewed,ci,ci
2022-09-30T05:37:24.629Z,31.67011529,-104.4048212,7.674047852,2.7,ml,24,45,0.027063804,0.2,tx,tx2022tdjz,2022-12-03T22:02:44.040Z,"56 km S of Whites City, New Mexico",earthquake,0.892345061,0.852134656,0,6,reviewed,tx,tx
2022-09-30T03:06:06.109Z,36.2476,-115.1502,11.9,2.5,ml,18,111.66,0.075,0.1338,nn,nn00848244,2022-12-03T22:02:43.040Z,Nevada,earthquake,,1.1,1,5,reviewed,nn,nn
2022-09-29T23:59:13.570Z,44.7751667,-110.8015,8.09,2.63,ml,23,90,0.0373,0.18,uu,uu60031619,2022-12-03T22:02:16.040Z,"23 km SSW of Mammoth, Wyoming",earthquake,0.41,0.76,0.316,7,reviewed,uu,uu
2022-09-29T23:58:22.301Z,36.9998,-104.8654,7.43,2.5,ml,17,59,0.139,0.19,us,us6000ipgt,2022-12-03T22:02:42.040Z,"14 km S of Weston, Colorado",earthquake,2.26,6.688,0.115,10,reviewed,us,us
2022-09-29T22:59:09.080Z,36.499,-98.42216667,7.81,3.09,ml,101,65,0,0.21,ok,ok2022tcwv,2022-12-03T22:02:42.040Z,"2 km ESE of Aline, Oklahoma",earthquake,,0.4,0.2,37,reviewed,ok,ok
2022-09-29T07:20:15.886Z,31.71614713,-104.0888315,6.774267578,2.7,ml,22,83,0.024955803,0.2,tx,tx2022tbrw,2022-12-03T22:02:15.040Z,"46 km W of Mentone, Texas",earthquake,0.620144226,0.813004538,0.3,12,reviewed,tx,tx
2022-09-29T03:00:15.240Z,38.151,-117.9748,9.3,3.1,ml,20,67.43,0.017,0.1596,nn,nn00848153,2022-12-03T22:02:37.040Z,"29 km SSE of Mina, Nevada",earthquake,,0.8,0.11,13,reviewed,nn,nn
2022-09-28T17:02:02.090Z,37.5,-121.6206667,7.61,3.35,mw,116,53,0.0341,0.11,nc,nc73786811,2022-12-03T22:02:36.040Z,"24km NE of Alum Rock, CA",earthquake,0.11,0.33,,3,reviewed,nc,nc
2022-09-28T02:17:14.940Z,27.0398,-111.3805,10,4.3,mb,33,131,0.816,1.29,us,us6000invq,2022-12-03T22:02:32.040Z,"61 km ENE of Muleg, Mexico",earthquake,3.02,1.932,0.069,59,reviewed,us,us
2022-09-28T01:18:24.523Z,26.9509,-111.4476,10,5.4,mww,162,80,0.797,0.9,us,us6000inv3,2022-12-03T22:02:32.040Z,"53 km E of Muleg, Mexico",earthquake,4.65,1.484,0.038,67,reviewed,us,us
2022-09-27T21:22:30.774Z,31.90309264,-103.9201793,7.519799805,2.8,ml,21,51,0.102169787,0.1,tx,tx2022szcq,2022-12-03T22:02:31.040Z,"37 km NW of Mentone, Texas",earthquake,0.827335174,1.941696079,0.1,10,reviewed,tx,tx
2022-09-27T17:05:20.940Z,35.24966667,-97.752,6.53,2.69,ml,92,26,0,0.25,ok,ok2022syud,2022-12-03T22:02:30.040Z,Oklahoma,earthquake,,0.4,0.22,40,reviewed,ok,ok
2022-09-27T16:06:02.998Z,32.96447754,-100.9048685,5.037679036,2.7,ml,14,55,0.050454498,0.1,tx,tx2022sysf,2022-12-03T22:02:15.040Z,western Texas,earthquake,0.749973528,1.127877034,0.1,7,reviewed,tx,tx
2022-09-27T15:43:01.574Z,38.1572,-117.9532,9.3,2.8,ml,22,119.97,0.019,0.1505,nn,nn00848025,2022-12-03T22:02:30.040Z,"29 km SSE of Mina, Nevada",earthquake,,0.8,0.28,10,reviewed,nn,nn
2022-09-27T15:39:12.280Z,36.9603333,-121.603,5.37,2.61,md,78,30,0.05558,0.14,nc,nc73786496,2022-12-03T22:02:15.040Z,"6km SSW of Gilroy, CA",earthquake,0.15,0.41,0.122,77,reviewed,nc,nc
2022-09-27T15:23:37.494Z,31.65603154,-104.3035079,7.314135742,2.5,ml,21,56,0.108380647,0.1,tx,tx2022syqu,2022-12-03T22:02:29.040Z,"58 km S of Whites City, New Mexico",earthquake,0.885899803,1.357037008,0.1,7,reviewed,tx,tx
2022-09-27T14:44:50.022Z,31.66176222,-104.3059757,7.802587891,3,ml,32,53,0.036379489,0.2,tx,tx2022sypn,2022-12-03T22:02:29.040Z,"57 km S of Whites City, New Mexico",earthquake,0.772643991,0.916453338,0.1,16,reviewed,tx,tx
2022-09-27T13:02:57.910Z,34.4301667,-116.4898333,7.67,3.33,ml,75,42,0.1199,0.14,ci,ci40107319,2022-12-03T22:02:28.040Z,"36km N of Yucca Valley, CA",earthquake,0.11,0.41,0.138,180,reviewed,ci,ci
2022-09-27T09:10:44.470Z,35.509,-118.3876667,4.99,2.55,ml,49,30,0.1688,0.16,ci,ci40107223,2022-12-03T22:02:15.040Z,"13km SE of Bodfish, CA",earthquake,0.13,0.98,0.159,96,reviewed,ci,ci
2022-09-27T08:35:39.290Z,36.4028333,-90.8836667,10.83,2.81,md,67,77,0.3976,0.2,nm,nm60409901,2022-12-03T22:02:27.040Z,"0.4 km ESE of Maynard, Arkansas",earthquake,0.4,0.83,0.055,35,reviewed,nm,nm
2022-09-27T08:03:39.320Z,35.5076667,-118.3885,5.18,3.7,mw,63,20,0.1698,0.17,ci,ci40107167,2022-12-03T22:02:27.040Z,"13km SE of Bodfish, CA",earthquake,0.13,0.84,,6,reviewed,ci,ci
2022-09-27T06:46:02.150Z,35.9696667,-119.878,29.65,2.78,md,47,83,0.2994,0.14,nc,nc73786291,2022-12-03T22:02:15.040Z,"9km ESE of Kettleman City, CA",earthquake,0.43,1.6,0.183,89,reviewed,nc,nc
2022-09-27T04:13:17.465Z,31.71534422,-104.2991344,6.28581543,2.7,ml,28,58,0.052643774,0.3,tx,tx2022sxur,2022-12-03T22:02:26.040Z,"51 km S of Whites City, New Mexico",earthquake,1.101977081,0.895152057,0.2,18,reviewed,tx,tx
2022-09-27T01:46:17.230Z,35.3355,-118.546,3.08,2.78,ml,56,29,0.1115,0.18,ci,ci40107063,2022-12-03T22:02:25.040Z,"24km NNW of Tehachapi, CA",earthquake,0.14,0.43,0.203,79,reviewed,ci,ci
2022-09-26T23:08:23.410Z,40.392,-124.4776667,24.18,2.79,md,33,250,0.1357,0.14,nc,nc73786171,2022-12-03T22:02:25.040Z,"18km WNW of Petrolia, CA",earthquake,0.65,0.45,0.157,73,reviewed,nc,nc
2022-09-26T18:06:46.336Z,47.8686,-114.3535,11.662,2.9,ml,16,90,0.131,0.83,us,us6000infa,2022-12-03T22:02:23.040Z,"4 km N of Elmo, Montana",earthquake,2.25,5.179,0.048,56,reviewed,us,us
2022-09-26T17:07:38.680Z,39.7988333,-123.1926667,6.42,2.52,md,58,31,0.09344,0.17,nc,nc73786101,2022-12-03T22:02:15.040Z,"5km E of Covelo, CA",earthquake,0.17,0.43,0.155,61,reviewed,nc,nc
2022-09-26T15:09:27.050Z,31.6223333,-116.0343333,5.31,2.73,ml,14,186,0.3142,0.1,ci,ci40106807,2022-12-03T22:03:26.040Z,"52km ESE of Maneadero, B.C., MX",earthquake,0.46,31.61,0.168,18,reviewed,ci,ci
2022-09-26T09:54:55.699Z,41.2984,-106.9976,9.336,2.8,ml,23,99,0.796,0.61,us,us7000ib24,2022-12-03T22:03:25.040Z,"20 km WNW of Encampment, Wyoming",earthquake,3.29,7.604,0.055,44,reviewed,us,us
2022-09-26T05:18:31.980Z,38.8051667,-122.7428333,1.9,2.7,md,69,50,0.01395,0.06,nc,nc73785906,2022-12-03T22:02:16.040Z,"2km SW of Cobb, CA",earthquake,0.13,0.18,0.109,53,reviewed,nc,nc
2022-09-25T15:21:07.270Z,32.4755,-115.3251667,7.52,2.59,ml,28,67,0.05838,0.29,ci,ci40106319,2022-12-03T22:02:16.040Z,"10km SSE of Puebla, B.C., MX",earthquake,0.53,1.39,0.212,25,reviewed,ci,ci
2022-09-25T11:18:52.990Z,36.5491667,-121.1085,1.75,2.52,md,36,61,0.03398,0.08,nc,nc73785696,2022-12-03T22:02:16.040Z,"4km ENE of Pinnacles, CA",earthquake,0.19,0.37,0.159,53,reviewed,nc,nc
2022-09-25T05:42:38.357Z,44.353,-115.1549,10,2.5,ml,6,130,0.95,0.6,us,us7000ikdx,2022-12-03T22:03:29.040Z,"22 km NW of Stanley, Idaho",earthquake,2.08,1.992,0.128,8,reviewed,us,us
2022-09-25T05:42:21.331Z,44.3245,-115.1616,10,2.5,ml,12,63,0.934,0.97,us,us7000ikdw,2022-12-03T22:03:28.040Z,"21 km WNW of Stanley, Idaho",earthquake,2.52,2.012,0.105,12,reviewed,us,us
2022-09-24T22:18:14.840Z,31.2153333,-115.8653333,2.84,2.93,ml,8,228,0.1888,0.1,ci,ci40105967,2022-09-27T18:59:55.317Z,"87km SE of Maneadero, B.C., MX",earthquake,0.35,0.59,0.114,24,reviewed,ci,ci
2022-09-24T20:51:00.970Z,32.157,-115.1648333,24.76,2.55,ml,18,129,0.1638,0.23,ci,ci40105903,2022-12-03T22:02:16.040Z,"8km S of Alberto Oviedo Mota, B.C., MX",earthquake,0.53,0.6,0.152,40,reviewed,ci,ci
2022-09-24T19:27:39.450Z,40.3136667,-124.7245,13.08,4.84,mw,109,228,0.2932,0.24,nc,nc73785481,2022-12-03T22:03:20.040Z,"37km W of Petrolia, CA",earthquake,0.47,0.5,,4,reviewed,nc,nc
2022-09-24T04:03:34.050Z,36.545,-121.1003333,2.42,2.5,md,53,63,0.03804,0.15,nc,nc73785241,2022-12-03T22:02:15.040Z,"4km ENE of Pinnacles, CA",earthquake,0.16,0.32,0.162,87,reviewed,nc,nc
2022-09-23T15:48:28.718Z,31.68064998,-104.4103004,6.851391602,2.5,ml,28,44,0.03070916,0.3,tx,tx2022srjp,2022-11-26T20:57:59.040Z,"54 km S of Whites City, New Mexico",earthquake,0.937993751,0.926560739,0.1,14,reviewed,tx,tx
2022-09-23T06:58:34.290Z,38.7713333,-122.714,1.66,3.05,ml,84,34,0.01001,0.08,nc,nc73784941,2022-11-26T20:57:55.040Z,"2km WSW of Anderson Springs, CA",earthquake,0.1,0.15,0.177,80,reviewed,nc,nc
